title,company,location,link
"Student Researcher Intern, 2022",Google,서울,https://kr.indeed.com/채용보기?jk=6dd48f3771d01215
라인프렌즈 2022년 각 부문 수시,라인프렌즈,서울 용산구,https://kr.indeed.com/채용보기?jk=1015284880e2ff62
"Software Engineering Intern, 2022",Google,대한민국,https://kr.indeed.com/채용보기?jk=5c456de872b81d82
각 부문별,컬리,서울 강남구,https://kr.indeed.com/채용보기?jk=84329a66291839cd
2022년 한국필립모리스(주) 각 부문,한국필립모리스㈜,서울 영등포구,https://kr.indeed.com/채용보기?jk=77b3e91b54377a1f
Datacenter Engineer (chuncheon),Oracle,서울,https://kr.indeed.com/채용보기?jk=4a3c096c3da9117c
IT Leadership Academy : '22년 상반기 신입,LG CNS,서울,https://kr.indeed.com/채용보기?jk=c2d2972896b3c314
웹보드(고스톱/포커)게임FDS 데이터 분석 전문가 (신입),네오위즈,대한민국,https://kr.indeed.com/채용보기?jk=cc7b52117054782e
자산운용팀 전략/리스크팀 퀀트(겨울방학 인턴),마이퍼스트에셋자산운용,대한민국,https://kr.indeed.com/채용보기?jk=872035f47cfd4850
2022 R&D 신입사원,LG디스플레이,경기도 파주,https://kr.indeed.com/채용보기?jk=019b28cc5f5e508c
Quantitative Research Intern,WorldQuant,서울,https://kr.indeed.com/채용보기?jk=4a0a7b36dbc554f9
2022년도 상반기 직원,더케이교직원나라,서울 종로구,https://kr.indeed.com/채용보기?jk=21539e28c5f2b445
웹개발 신입 정규직,플레이쓰리에스,성남 분당구,https://kr.indeed.com/채용보기?jk=556725095040cbba
Machine Learning Engineer Intern - Korea,MOLOCO,서울,https://kr.indeed.com/채용보기?jk=69d3cc2cca262747
Game Data Analyst (FPS),오피지지,서울 강남구,https://kr.indeed.com/채용보기?jk=b0e162f2a055cf89
인재 Pool 등록,S&I Corp.,대한민국,https://kr.indeed.com/채용보기?jk=e29bd57c416ee579
2022년 3월 IT/경영전략·지원/환경안전/CFO/CHO 신입사원 수시,LG에너지솔루션,과천 과천시,https://kr.indeed.com/채용보기?jk=fec4edf6cc7fd9c7
[해외취업] 휴대폰 Refurbish 전문회사 IT소프트웨어 개발자,워크 브릿지(Work Bridge),서울 역삼동,https://kr.indeed.com/채용보기?jk=a2f76d5c3e19671d
[KSTEC] 통계/Analytics 신입 및 경력사원,지식시스템,성남 분당구,https://kr.indeed.com/채용보기?jk=d1cb47b2f815b5d7
Software Engineer - Python and K8s,Canonical - Jobs,서울,https://kr.indeed.com/채용보기?jk=9e154b5b00d09b31
"S/W 엔지니어, 데이터분석 신입/경력 정규직, 인턴",가치랩스,성남 분당구,https://kr.indeed.com/채용보기?jk=5ea9ea023c6ccc03
AI Research Engineer,Intel,서울,https://kr.indeed.com/채용보기?jk=c25c8a91e0d7403f
2022년 3월 경력사원 (공술),LG에너지솔루션,청주 오창읍,https://kr.indeed.com/채용보기?jk=40e051378f3d119f
Student Training in Engineering Program (STEP) 2022,Google,대한민국,https://kr.indeed.com/채용보기?jk=35aaf18d4b4cfafe
2022년 충남대학교 소프트웨어연구소 AI 인공지능 교육생,충남대학교산학협력단,대전 유성구,https://kr.indeed.com/채용보기?jk=0676d11468b8efeb
빅데이터 분야,LG유플러스,서울,https://kr.indeed.com/채용보기?jk=67c19d7ac0857ecd
Korea - Member Growth Insights Manager,Nike,서울,https://kr.indeed.com/채용보기?jk=f1d5989245c8a320
[신규연구과제/취업지원/무료교육] 2022년 바이오 의약 R&D 분석연구 전문교육 훈련생,한국여성과학기술인육성재단,서울 강남구,https://kr.indeed.com/채용보기?jk=86ac343b66b185b8
(주)KB저축은행 상반기 신입 및 경력직,KB저축은행,서울 송파구,https://kr.indeed.com/채용보기?jk=600aa8698e1786c4
AI Agent 서비스 Data 분석 개발자,에스케이텔레콤,서울 중구,https://kr.indeed.com/채용보기?jk=6bdb3ae5f5c8c0bd
"웹개발, 백엔드 외 신입/경력 정규직",코인챗,서울 강남구,https://kr.indeed.com/채용보기?jk=e3f3b7e2103d9bc7
UX Researcher (정량/포트폴리오 없는 전형),비바리퍼블리카,서울 강남구,https://kr.indeed.com/채용보기?jk=aade49a93e474ed7
AI 분야,LG유플러스,서울,https://kr.indeed.com/채용보기?jk=abdc136f65ceddd4
시스템/모바일 게임 보안 담당자 (무관),네오위즈,대한민국,https://kr.indeed.com/채용보기?jk=28b0225c355d0382
"Student Researcher Intern, 2022",구글코리아,서울 강남구,https://kr.indeed.com/채용보기?jk=ae82262549135b20
"Partner Technology Manager, YouTube (English, Korean)",YouTube,서울,https://kr.indeed.com/채용보기?jk=3569cddb459c3fb8
Datacenter Engineer,Oracle,서울,https://kr.indeed.com/채용보기?jk=a692f83229bd339f
하반기 인턴직 모집,한솔그룹,서울 을지로2가,https://kr.indeed.com/채용보기?jk=2f56d4b70c1df086
[외국계 스타트업 미소] Business Analyst,유한회사 미소,서울,https://kr.indeed.com/채용보기?jk=51df90967b46e8f0
JR0186078 AI Research Engineer Intern,인텔코리아,서울,https://kr.indeed.com/채용보기?jk=016de9bb83a8032d
[KREAM] Server 개발자,크림,성남 분당구,https://kr.indeed.com/채용보기?jk=747393ca945eeba5
"데이터베이스개발자, 웹개발 신입/경력 정규직",여의도사람들,서울 영등포구,https://kr.indeed.com/채용보기?jk=e91b5984e7f5d3fd
Eco Lab센터 경력직,SK에코플랜트,서울 종로구,https://kr.indeed.com/채용보기?jk=83f9cd0231b1d969
Jr. Back-end Engineer (Python),Soomgo,서울 강남구,https://kr.indeed.com/채용보기?jk=733b814969bff5a7
Software Engineer,Google,서울,https://kr.indeed.com/채용보기?jk=e7c8c2b11f24fb43
11번가 클라우드 엔지니어,십일번가,서울 중구,https://kr.indeed.com/채용보기?jk=25c28b09ebe4ed0f
[전문연구요원] 의료영상 리서치 엔지니어 정규직,메디픽셀,서울 마포구,https://kr.indeed.com/채용보기?jk=3544467a7b64376f
[포티투마루] 인공지능(AI) 개발자 전 부문,포티투마루,서울 서초구,https://kr.indeed.com/채용보기?jk=22ffe020e40de675
[전문연구요원 신규편입/전직] 의료영상/음성인식/생체신호 연구원,뷰노코리아,서울 서초구,https://kr.indeed.com/채용보기?jk=40de6a4b81f8724f
Security Engineer,Amazon Web Services Korea LLC,서울,https://kr.indeed.com/채용보기?jk=563aeb6282c64984
"백엔드, Python 외 경력 정규직",아토머스,서울 강남구,https://kr.indeed.com/채용보기?jk=f6a0cd3f6af36d15
"자율 주행, 로봇 SW 개발자",에바,성남 수정구,https://kr.indeed.com/채용보기?jk=e30fe92d72ceb17c
Advanced Support Engineer / Database & Cloud,Oracle,서울,https://kr.indeed.com/채용보기?jk=a364f937ff9aa591
전자부품 신입/경력사원 수시,LG이노텍,서울 마곡역,https://kr.indeed.com/채용보기?jk=f9828c4a40c911fe
[위메프서비스] E-Commerce 데이터엔지니어/NLP개발자,위메프,대한민국,https://kr.indeed.com/채용보기?jk=e36b281df2933890
[대형증권사] IT퀀트 개발자,인코리아 프로페셔널,서울 강남구,https://kr.indeed.com/채용보기?jk=444bd32c9e95004a
KAIST연구원 산하 KAIST바이오융합연구소 소속 전문연구요원(연수연구원) 모집 공고,카이스트,대전 유성구,https://kr.indeed.com/채용보기?jk=4f59cedc2219d55c
[신입/경력] 의료영상/음성인식/생체신호 연구원,뷰노코리아,서울 서초구,https://kr.indeed.com/채용보기?jk=c35e9b72a11aa338
"Customer Engineer, Data Analytics, Google Cloud",Google,서울,https://kr.indeed.com/채용보기?jk=2e46f8b2ba482821
Data Engineer,비바리퍼블리카,서울 강남구,https://kr.indeed.com/채용보기?jk=e9488a828bb2c806
UX Researcher - NPE Korea,Facebook App,서울,https://kr.indeed.com/채용보기?jk=33b9259fb2f35050
CRM 및 마케팅 데이터분석 담당자 - 국내 대기업 계열사,라피플코리아리미티드,서울,https://kr.indeed.com/채용보기?jk=7fe0c284fbf4045f
전문연구요원 (병역특례) 수시 (AI / HW 분야),딥엑스,성남 분당구,https://kr.indeed.com/채용보기?jk=78e99625e5de3c95
국제경제/원자재 시장분석 애널리스트,코리아피디에스,서울 마포구,https://kr.indeed.com/채용보기?jk=ddb4285e5876ab62
2022년 3월 경력사원 (기획/에너지기술/생산기술/구매/SCM),LG에너지솔루션,서울,https://kr.indeed.com/채용보기?jk=a879247b8ea40ef8
AI + Visual Computing (Technical Solution Specialist ),Intel,서울,https://kr.indeed.com/채용보기?jk=6bcf941a0519ff5c
[Forest CIC] NAVER Shopping Data Solution 직무별 담당자 (경력),네이버,서울,https://kr.indeed.com/채용보기?jk=9ff286e5c18f8065
Cloud Solution Architect,Microsoft,서울,https://kr.indeed.com/채용보기?jk=79f818e5bb2b847b
"Digital Innovation PM, Korea",Amazon Web Services Korea LLC,서울,https://kr.indeed.com/채용보기?jk=cb340349fea7454e
[인재풀] 아티스트 ART,Electronic Arts,서울,https://kr.indeed.com/채용보기?jk=aac8e9355cb855ac
[무료교육/연계] 2022년 K-Digital 보안 전문가 과정 SK쉴더스 루키스 7기,에스케이쉴더스,경기도,https://kr.indeed.com/채용보기?jk=d750b32e62ec3cb6
Renewable Energy Analyst,DNV,서울,https://kr.indeed.com/채용보기?jk=cadddc1d517bc19b
2022년 3월 경력사원 (품질),LG에너지솔루션,청주 오창읍,https://kr.indeed.com/채용보기?jk=f6a00297e0429eca
4. 인프라개발팀 백엔드 개발자,카카오브이엑스 (KAKAO VX),성남 분당구,https://kr.indeed.com/채용보기?jk=0399dadecd8188b8
"[연구소] 신입 개발자 (python/java, 웹개발 등)",이엠비,서울 금천구,https://kr.indeed.com/채용보기?jk=34d49641791b538a
연구 개발 프로그래머 (키메이커팀),데브캣,서울 강남구,https://kr.indeed.com/채용보기?jk=a496eb791c052ca8
데이터분석가 - Global Leading Consulting Firm,에스에프인촌,서울,https://kr.indeed.com/채용보기?jk=2e50d0e0b23c8f47
"[한국축산데이터] 백엔드 개발자, 프론트엔드 개발자, 엔지니어, AI연구원 (신입/경력)",한국축산데이터,서울 강남구,https://kr.indeed.com/채용보기?jk=4a5738febf355646
ID사업부 Software R&D 경력,LG전자,경기도 평택,https://kr.indeed.com/채용보기?jk=4084758521d95043
[실내배송로봇 연구개발] - Computer Vision & Machine learning Engineer,로보티즈,서울 강서구,https://kr.indeed.com/채용보기?jk=08f1a200826ddeda
Data Engineer (Analytics Product),비바리퍼블리카,서울 강남구,https://kr.indeed.com/채용보기?jk=9cfce6a40920af43
11번가 데이터 아키텍처/데이터 엔지니어 분야,십일번가,서울 중구,https://kr.indeed.com/채용보기?jk=baa14667578c611b
서버개발자(벡앤드) 정규직,오비이랩,서울 강남구,https://kr.indeed.com/채용보기?jk=df228c302c3c8f9b
JAVA 개발자 (신입/연봉 2600만),㈜휴먼엔시스,서울,https://kr.indeed.com/채용보기?jk=0a39abf102694c6a
Data Engineer 신입사원,플리토,서울 강남구,https://kr.indeed.com/채용보기?jk=5ab0b45dfa93411b
[국비무료]2022년도 상반기 교육 훈련생,동대문여성인력개발센터,서울 동대문구,https://kr.indeed.com/채용보기?jk=358f413532f53323
딥러닝 AI 개발 연구원,베이리스,성남 수정구,https://kr.indeed.com/채용보기?jk=87309d3ff40ead61
머신러닝-딥러닝 공공데이터 분석전문가 교육생,하이미디어아카데미,서울 종로구,https://kr.indeed.com/채용보기?jk=1feff7ae08664e44
"[로봇개발본부(판교근무)] 각 분야별 (백엔드, WEB APP 개발, APP 개발)",트위니,성남 분당구,https://kr.indeed.com/채용보기?jk=46253fd5b203d931
"[Robotics] Robotics Software Engineer, Navigation",네이버,서울,https://kr.indeed.com/채용보기?jk=f21952a2d7a0bfd8
슈어소프트테크(주) 2022년 상반기 경력직 대규모,슈어소프트테크,서울 강남구,https://kr.indeed.com/채용보기?jk=cda94f202f9ca369
Associate Software Engineer (Connected Cabin),BOEING,서울,https://kr.indeed.com/채용보기?jk=40aa139111032529
Business Consultant - Technology,RWS,서울,https://kr.indeed.com/채용보기?jk=c896322092980fcd
"영상처리, 컴퓨터 비전 전문가 (신입/경력)",에바,성남 수정구,https://kr.indeed.com/채용보기?jk=2642a83874ea6bab
Machine Learning Specialist - FAE,Xilinx,서울,https://kr.indeed.com/채용보기?jk=aae434e3a956bec1
Data Scientist,Boston Consulting Group,서울,https://kr.indeed.com/채용보기?jk=ccd4f5407a32ba6a
웹프로그래머 (FrontEnd) 기업부설연구소 연구원 #python #js #FullStack #모바일,넥스텝코리아,서울 용산구,https://kr.indeed.com/채용보기?jk=ae2345924b218c15
A.I.개발자,파이프트리스마트팜,서울 송파구,https://kr.indeed.com/채용보기?jk=229eb9cfd32480ed
빅데이터 리더 정규직,hTLM HR,안양 동안구,https://kr.indeed.com/채용보기?jk=f5db967bfdd0390f
코딩에 빠진 수퍼 개발자 (펌웨어 개발),에바,성남 수정구,https://kr.indeed.com/채용보기?jk=f54bac6c78fd3240
"백엔드, Python 외 경력 정규직",아토머스,서울 강남구,https://kr.indeed.com/채용보기?jk=f6a0cd3f6af36d15
"자율 주행, 로봇 SW 개발자",에바,성남 수정구,https://kr.indeed.com/채용보기?jk=e30fe92d72ceb17c
Advanced Support Engineer / Database & Cloud,Oracle,서울,https://kr.indeed.com/채용보기?jk=a364f937ff9aa591
전자부품 신입/경력사원 수시,LG이노텍,서울 마곡역,https://kr.indeed.com/채용보기?jk=f9828c4a40c911fe
[위메프서비스] E-Commerce 데이터엔지니어/NLP개발자,위메프,대한민국,https://kr.indeed.com/채용보기?jk=e36b281df2933890
[대형증권사] IT퀀트 개발자,인코리아 프로페셔널,서울 강남구,https://kr.indeed.com/채용보기?jk=444bd32c9e95004a
KAIST연구원 산하 KAIST바이오융합연구소 소속 전문연구요원(연수연구원) 모집 공고,카이스트,대전 유성구,https://kr.indeed.com/채용보기?jk=4f59cedc2219d55c
[신입/경력] 의료영상/음성인식/생체신호 연구원,뷰노코리아,서울 서초구,https://kr.indeed.com/채용보기?jk=c35e9b72a11aa338
"Customer Engineer, Data Analytics, Google Cloud",Google,서울,https://kr.indeed.com/채용보기?jk=2e46f8b2ba482821
Data Engineer,비바리퍼블리카,서울 강남구,https://kr.indeed.com/채용보기?jk=e9488a828bb2c806
UX Researcher - NPE Korea,Facebook App,서울,https://kr.indeed.com/채용보기?jk=33b9259fb2f35050
CRM 및 마케팅 데이터분석 담당자 - 국내 대기업 계열사,라피플코리아리미티드,서울,https://kr.indeed.com/채용보기?jk=7fe0c284fbf4045f
전문연구요원 (병역특례) 수시 (AI / HW 분야),딥엑스,성남 분당구,https://kr.indeed.com/채용보기?jk=78e99625e5de3c95
국제경제/원자재 시장분석 애널리스트,코리아피디에스,서울 마포구,https://kr.indeed.com/채용보기?jk=ddb4285e5876ab62
2022년 3월 경력사원 (기획/에너지기술/생산기술/구매/SCM),LG에너지솔루션,서울,https://kr.indeed.com/채용보기?jk=a879247b8ea40ef8
AI + Visual Computing (Technical Solution Specialist ),Intel,서울,https://kr.indeed.com/채용보기?jk=6bcf941a0519ff5c
[Forest CIC] NAVER Shopping Data Solution 직무별 담당자 (경력),네이버,서울,https://kr.indeed.com/채용보기?jk=9ff286e5c18f8065
Cloud Solution Architect,Microsoft,서울,https://kr.indeed.com/채용보기?jk=79f818e5bb2b847b
"Digital Innovation PM, Korea",Amazon Web Services Korea LLC,서울,https://kr.indeed.com/채용보기?jk=cb340349fea7454e
[인재풀] 아티스트 ART,Electronic Arts,서울,https://kr.indeed.com/채용보기?jk=aac8e9355cb855ac
[무료교육/연계] 2022년 K-Digital 보안 전문가 과정 SK쉴더스 루키스 7기,에스케이쉴더스,경기도,https://kr.indeed.com/채용보기?jk=d750b32e62ec3cb6
Renewable Energy Analyst,DNV,서울,https://kr.indeed.com/채용보기?jk=cadddc1d517bc19b
2022년 3월 경력사원 (품질),LG에너지솔루션,청주 오창읍,https://kr.indeed.com/채용보기?jk=f6a00297e0429eca
4. 인프라개발팀 백엔드 개발자,카카오브이엑스 (KAKAO VX),성남 분당구,https://kr.indeed.com/채용보기?jk=0399dadecd8188b8
"[연구소] 신입 개발자 (python/java, 웹개발 등)",이엠비,서울 금천구,https://kr.indeed.com/채용보기?jk=34d49641791b538a
연구 개발 프로그래머 (키메이커팀),데브캣,서울 강남구,https://kr.indeed.com/채용보기?jk=a496eb791c052ca8
데이터분석가 - Global Leading Consulting Firm,에스에프인촌,서울,https://kr.indeed.com/채용보기?jk=2e50d0e0b23c8f47
"[한국축산데이터] 백엔드 개발자, 프론트엔드 개발자, 엔지니어, AI연구원 (신입/경력)",한국축산데이터,서울 강남구,https://kr.indeed.com/채용보기?jk=4a5738febf355646
ID사업부 Software R&D 경력,LG전자,경기도 평택,https://kr.indeed.com/채용보기?jk=4084758521d95043
[실내배송로봇 연구개발] - Computer Vision & Machine learning Engineer,로보티즈,서울 강서구,https://kr.indeed.com/채용보기?jk=08f1a200826ddeda
Data Engineer (Analytics Product),비바리퍼블리카,서울 강남구,https://kr.indeed.com/채용보기?jk=9cfce6a40920af43
11번가 데이터 아키텍처/데이터 엔지니어 분야,십일번가,서울 중구,https://kr.indeed.com/채용보기?jk=baa14667578c611b
서버개발자(벡앤드) 정규직,오비이랩,서울 강남구,https://kr.indeed.com/채용보기?jk=df228c302c3c8f9b
JAVA 개발자 (신입/연봉 2600만),㈜휴먼엔시스,서울,https://kr.indeed.com/채용보기?jk=0a39abf102694c6a
Data Engineer 신입사원,플리토,서울 강남구,https://kr.indeed.com/채용보기?jk=5ab0b45dfa93411b
[국비무료]2022년도 상반기 교육 훈련생,동대문여성인력개발센터,서울 동대문구,https://kr.indeed.com/채용보기?jk=358f413532f53323
딥러닝 AI 개발 연구원,베이리스,성남 수정구,https://kr.indeed.com/채용보기?jk=87309d3ff40ead61
머신러닝-딥러닝 공공데이터 분석전문가 교육생,하이미디어아카데미,서울 종로구,https://kr.indeed.com/채용보기?jk=1feff7ae08664e44
"[로봇개발본부(판교근무)] 각 분야별 (백엔드, WEB APP 개발, APP 개발)",트위니,성남 분당구,https://kr.indeed.com/채용보기?jk=46253fd5b203d931
"[Robotics] Robotics Software Engineer, Navigation",네이버,서울,https://kr.indeed.com/채용보기?jk=f21952a2d7a0bfd8
슈어소프트테크(주) 2022년 상반기 경력직 대규모,슈어소프트테크,서울 강남구,https://kr.indeed.com/채용보기?jk=cda94f202f9ca369
Associate Software Engineer (Connected Cabin),BOEING,서울,https://kr.indeed.com/채용보기?jk=40aa139111032529
Business Consultant - Technology,RWS,서울,https://kr.indeed.com/채용보기?jk=c896322092980fcd
"영상처리, 컴퓨터 비전 전문가 (신입/경력)",에바,성남 수정구,https://kr.indeed.com/채용보기?jk=2642a83874ea6bab
Machine Learning Specialist - FAE,Xilinx,서울,https://kr.indeed.com/채용보기?jk=aae434e3a956bec1
Data Scientist,Boston Consulting Group,서울,https://kr.indeed.com/채용보기?jk=ccd4f5407a32ba6a
웹프로그래머 (FrontEnd) 기업부설연구소 연구원 #python #js #FullStack #모바일,넥스텝코리아,서울 용산구,https://kr.indeed.com/채용보기?jk=ae2345924b218c15
A.I.개발자,파이프트리스마트팜,서울 송파구,https://kr.indeed.com/채용보기?jk=229eb9cfd32480ed
빅데이터 리더 정규직,hTLM HR,안양 동안구,https://kr.indeed.com/채용보기?jk=f5db967bfdd0390f
코딩에 빠진 수퍼 개발자 (펌웨어 개발),에바,성남 수정구,https://kr.indeed.com/채용보기?jk=f54bac6c78fd3240
"백엔드, Python 외 경력 정규직",아토머스,서울 강남구,https://kr.indeed.com/채용보기?jk=f6a0cd3f6af36d15
"자율 주행, 로봇 SW 개발자",에바,성남 수정구,https://kr.indeed.com/채용보기?jk=e30fe92d72ceb17c
Advanced Support Engineer / Database & Cloud,Oracle,서울,https://kr.indeed.com/채용보기?jk=a364f937ff9aa591
전자부품 신입/경력사원 수시,LG이노텍,서울 마곡역,https://kr.indeed.com/채용보기?jk=f9828c4a40c911fe
[위메프서비스] E-Commerce 데이터엔지니어/NLP개발자,위메프,대한민국,https://kr.indeed.com/채용보기?jk=e36b281df2933890
[대형증권사] IT퀀트 개발자,인코리아 프로페셔널,서울 강남구,https://kr.indeed.com/채용보기?jk=444bd32c9e95004a
KAIST연구원 산하 KAIST바이오융합연구소 소속 전문연구요원(연수연구원) 모집 공고,카이스트,대전 유성구,https://kr.indeed.com/채용보기?jk=4f59cedc2219d55c
[신입/경력] 의료영상/음성인식/생체신호 연구원,뷰노코리아,서울 서초구,https://kr.indeed.com/채용보기?jk=c35e9b72a11aa338
"Customer Engineer, Data Analytics, Google Cloud",Google,서울,https://kr.indeed.com/채용보기?jk=2e46f8b2ba482821
Data Engineer,비바리퍼블리카,서울 강남구,https://kr.indeed.com/채용보기?jk=e9488a828bb2c806
UX Researcher - NPE Korea,Facebook App,서울,https://kr.indeed.com/채용보기?jk=33b9259fb2f35050
CRM 및 마케팅 데이터분석 담당자 - 국내 대기업 계열사,라피플코리아리미티드,서울,https://kr.indeed.com/채용보기?jk=7fe0c284fbf4045f
전문연구요원 (병역특례) 수시 (AI / HW 분야),딥엑스,성남 분당구,https://kr.indeed.com/채용보기?jk=78e99625e5de3c95
국제경제/원자재 시장분석 애널리스트,코리아피디에스,서울 마포구,https://kr.indeed.com/채용보기?jk=ddb4285e5876ab62
2022년 3월 경력사원 (기획/에너지기술/생산기술/구매/SCM),LG에너지솔루션,서울,https://kr.indeed.com/채용보기?jk=a879247b8ea40ef8
AI + Visual Computing (Technical Solution Specialist ),Intel,서울,https://kr.indeed.com/채용보기?jk=6bcf941a0519ff5c
[Forest CIC] NAVER Shopping Data Solution 직무별 담당자 (경력),네이버,서울,https://kr.indeed.com/채용보기?jk=9ff286e5c18f8065
Cloud Solution Architect,Microsoft,서울,https://kr.indeed.com/채용보기?jk=79f818e5bb2b847b
"Digital Innovation PM, Korea",Amazon Web Services Korea LLC,서울,https://kr.indeed.com/채용보기?jk=cb340349fea7454e
[인재풀] 아티스트 ART,Electronic Arts,서울,https://kr.indeed.com/채용보기?jk=aac8e9355cb855ac
[무료교육/연계] 2022년 K-Digital 보안 전문가 과정 SK쉴더스 루키스 7기,에스케이쉴더스,경기도,https://kr.indeed.com/채용보기?jk=d750b32e62ec3cb6
Renewable Energy Analyst,DNV,서울,https://kr.indeed.com/채용보기?jk=cadddc1d517bc19b
2022년 3월 경력사원 (품질),LG에너지솔루션,청주 오창읍,https://kr.indeed.com/채용보기?jk=f6a00297e0429eca
4. 인프라개발팀 백엔드 개발자,카카오브이엑스 (KAKAO VX),성남 분당구,https://kr.indeed.com/채용보기?jk=0399dadecd8188b8
"[연구소] 신입 개발자 (python/java, 웹개발 등)",이엠비,서울 금천구,https://kr.indeed.com/채용보기?jk=34d49641791b538a
연구 개발 프로그래머 (키메이커팀),데브캣,서울 강남구,https://kr.indeed.com/채용보기?jk=a496eb791c052ca8
데이터분석가 - Global Leading Consulting Firm,에스에프인촌,서울,https://kr.indeed.com/채용보기?jk=2e50d0e0b23c8f47
"[한국축산데이터] 백엔드 개발자, 프론트엔드 개발자, 엔지니어, AI연구원 (신입/경력)",한국축산데이터,서울 강남구,https://kr.indeed.com/채용보기?jk=4a5738febf355646
ID사업부 Software R&D 경력,LG전자,경기도 평택,https://kr.indeed.com/채용보기?jk=4084758521d95043
[실내배송로봇 연구개발] - Computer Vision & Machine learning Engineer,로보티즈,서울 강서구,https://kr.indeed.com/채용보기?jk=08f1a200826ddeda
Data Engineer (Analytics Product),비바리퍼블리카,서울 강남구,https://kr.indeed.com/채용보기?jk=9cfce6a40920af43
11번가 데이터 아키텍처/데이터 엔지니어 분야,십일번가,서울 중구,https://kr.indeed.com/채용보기?jk=baa14667578c611b
서버개발자(벡앤드) 정규직,오비이랩,서울 강남구,https://kr.indeed.com/채용보기?jk=df228c302c3c8f9b
JAVA 개발자 (신입/연봉 2600만),㈜휴먼엔시스,서울,https://kr.indeed.com/채용보기?jk=0a39abf102694c6a
Data Engineer 신입사원,플리토,서울 강남구,https://kr.indeed.com/채용보기?jk=5ab0b45dfa93411b
[국비무료]2022년도 상반기 교육 훈련생,동대문여성인력개발센터,서울 동대문구,https://kr.indeed.com/채용보기?jk=358f413532f53323
딥러닝 AI 개발 연구원,베이리스,성남 수정구,https://kr.indeed.com/채용보기?jk=87309d3ff40ead61
머신러닝-딥러닝 공공데이터 분석전문가 교육생,하이미디어아카데미,서울 종로구,https://kr.indeed.com/채용보기?jk=1feff7ae08664e44
"[로봇개발본부(판교근무)] 각 분야별 (백엔드, WEB APP 개발, APP 개발)",트위니,성남 분당구,https://kr.indeed.com/채용보기?jk=46253fd5b203d931
"[Robotics] Robotics Software Engineer, Navigation",네이버,서울,https://kr.indeed.com/채용보기?jk=f21952a2d7a0bfd8
슈어소프트테크(주) 2022년 상반기 경력직 대규모,슈어소프트테크,서울 강남구,https://kr.indeed.com/채용보기?jk=cda94f202f9ca369
Associate Software Engineer (Connected Cabin),BOEING,서울,https://kr.indeed.com/채용보기?jk=40aa139111032529
Business Consultant - Technology,RWS,서울,https://kr.indeed.com/채용보기?jk=c896322092980fcd
"영상처리, 컴퓨터 비전 전문가 (신입/경력)",에바,성남 수정구,https://kr.indeed.com/채용보기?jk=2642a83874ea6bab
Machine Learning Specialist - FAE,Xilinx,서울,https://kr.indeed.com/채용보기?jk=aae434e3a956bec1
Data Scientist,Boston Consulting Group,서울,https://kr.indeed.com/채용보기?jk=ccd4f5407a32ba6a
웹프로그래머 (FrontEnd) 기업부설연구소 연구원 #python #js #FullStack #모바일,넥스텝코리아,서울 용산구,https://kr.indeed.com/채용보기?jk=ae2345924b218c15
A.I.개발자,파이프트리스마트팜,서울 송파구,https://kr.indeed.com/채용보기?jk=229eb9cfd32480ed
빅데이터 리더 정규직,hTLM HR,안양 동안구,https://kr.indeed.com/채용보기?jk=f5db967bfdd0390f
코딩에 빠진 수퍼 개발자 (펌웨어 개발),에바,성남 수정구,https://kr.indeed.com/채용보기?jk=f54bac6c78fd3240
"백엔드, Python 외 경력 정규직",아토머스,서울 강남구,https://kr.indeed.com/채용보기?jk=f6a0cd3f6af36d15
"자율 주행, 로봇 SW 개발자",에바,성남 수정구,https://kr.indeed.com/채용보기?jk=e30fe92d72ceb17c
Advanced Support Engineer / Database & Cloud,Oracle,서울,https://kr.indeed.com/채용보기?jk=a364f937ff9aa591
전자부품 신입/경력사원 수시,LG이노텍,서울 마곡역,https://kr.indeed.com/채용보기?jk=f9828c4a40c911fe
[위메프서비스] E-Commerce 데이터엔지니어/NLP개발자,위메프,대한민국,https://kr.indeed.com/채용보기?jk=e36b281df2933890
[대형증권사] IT퀀트 개발자,인코리아 프로페셔널,서울 강남구,https://kr.indeed.com/채용보기?jk=444bd32c9e95004a
KAIST연구원 산하 KAIST바이오융합연구소 소속 전문연구요원(연수연구원) 모집 공고,카이스트,대전 유성구,https://kr.indeed.com/채용보기?jk=4f59cedc2219d55c
[신입/경력] 의료영상/음성인식/생체신호 연구원,뷰노코리아,서울 서초구,https://kr.indeed.com/채용보기?jk=c35e9b72a11aa338
"Customer Engineer, Data Analytics, Google Cloud",Google,서울,https://kr.indeed.com/채용보기?jk=2e46f8b2ba482821
Data Engineer,비바리퍼블리카,서울 강남구,https://kr.indeed.com/채용보기?jk=e9488a828bb2c806
UX Researcher - NPE Korea,Facebook App,서울,https://kr.indeed.com/채용보기?jk=33b9259fb2f35050
CRM 및 마케팅 데이터분석 담당자 - 국내 대기업 계열사,라피플코리아리미티드,서울,https://kr.indeed.com/채용보기?jk=7fe0c284fbf4045f
전문연구요원 (병역특례) 수시 (AI / HW 분야),딥엑스,성남 분당구,https://kr.indeed.com/채용보기?jk=78e99625e5de3c95
국제경제/원자재 시장분석 애널리스트,코리아피디에스,서울 마포구,https://kr.indeed.com/채용보기?jk=ddb4285e5876ab62
2022년 3월 경력사원 (기획/에너지기술/생산기술/구매/SCM),LG에너지솔루션,서울,https://kr.indeed.com/채용보기?jk=a879247b8ea40ef8
AI + Visual Computing (Technical Solution Specialist ),Intel,서울,https://kr.indeed.com/채용보기?jk=6bcf941a0519ff5c
[Forest CIC] NAVER Shopping Data Solution 직무별 담당자 (경력),네이버,서울,https://kr.indeed.com/채용보기?jk=9ff286e5c18f8065
Cloud Solution Architect,Microsoft,서울,https://kr.indeed.com/채용보기?jk=79f818e5bb2b847b
"Digital Innovation PM, Korea",Amazon Web Services Korea LLC,서울,https://kr.indeed.com/채용보기?jk=cb340349fea7454e
[인재풀] 아티스트 ART,Electronic Arts,서울,https://kr.indeed.com/채용보기?jk=aac8e9355cb855ac
[무료교육/연계] 2022년 K-Digital 보안 전문가 과정 SK쉴더스 루키스 7기,에스케이쉴더스,경기도,https://kr.indeed.com/채용보기?jk=d750b32e62ec3cb6
Renewable Energy Analyst,DNV,서울,https://kr.indeed.com/채용보기?jk=cadddc1d517bc19b
2022년 3월 경력사원 (품질),LG에너지솔루션,청주 오창읍,https://kr.indeed.com/채용보기?jk=f6a00297e0429eca
4. 인프라개발팀 백엔드 개발자,카카오브이엑스 (KAKAO VX),성남 분당구,https://kr.indeed.com/채용보기?jk=0399dadecd8188b8
"[연구소] 신입 개발자 (python/java, 웹개발 등)",이엠비,서울 금천구,https://kr.indeed.com/채용보기?jk=34d49641791b538a
연구 개발 프로그래머 (키메이커팀),데브캣,서울 강남구,https://kr.indeed.com/채용보기?jk=a496eb791c052ca8
데이터분석가 - Global Leading Consulting Firm,에스에프인촌,서울,https://kr.indeed.com/채용보기?jk=2e50d0e0b23c8f47
"[한국축산데이터] 백엔드 개발자, 프론트엔드 개발자, 엔지니어, AI연구원 (신입/경력)",한국축산데이터,서울 강남구,https://kr.indeed.com/채용보기?jk=4a5738febf355646
ID사업부 Software R&D 경력,LG전자,경기도 평택,https://kr.indeed.com/채용보기?jk=4084758521d95043
[실내배송로봇 연구개발] - Computer Vision & Machine learning Engineer,로보티즈,서울 강서구,https://kr.indeed.com/채용보기?jk=08f1a200826ddeda
Data Engineer (Analytics Product),비바리퍼블리카,서울 강남구,https://kr.indeed.com/채용보기?jk=9cfce6a40920af43
11번가 데이터 아키텍처/데이터 엔지니어 분야,십일번가,서울 중구,https://kr.indeed.com/채용보기?jk=baa14667578c611b
서버개발자(벡앤드) 정규직,오비이랩,서울 강남구,https://kr.indeed.com/채용보기?jk=df228c302c3c8f9b
JAVA 개발자 (신입/연봉 2600만),㈜휴먼엔시스,서울,https://kr.indeed.com/채용보기?jk=0a39abf102694c6a
Data Engineer 신입사원,플리토,서울 강남구,https://kr.indeed.com/채용보기?jk=5ab0b45dfa93411b
[국비무료]2022년도 상반기 교육 훈련생,동대문여성인력개발센터,서울 동대문구,https://kr.indeed.com/채용보기?jk=358f413532f53323
딥러닝 AI 개발 연구원,베이리스,성남 수정구,https://kr.indeed.com/채용보기?jk=87309d3ff40ead61
머신러닝-딥러닝 공공데이터 분석전문가 교육생,하이미디어아카데미,서울 종로구,https://kr.indeed.com/채용보기?jk=1feff7ae08664e44
"[로봇개발본부(판교근무)] 각 분야별 (백엔드, WEB APP 개발, APP 개발)",트위니,성남 분당구,https://kr.indeed.com/채용보기?jk=46253fd5b203d931
"[Robotics] Robotics Software Engineer, Navigation",네이버,서울,https://kr.indeed.com/채용보기?jk=f21952a2d7a0bfd8
슈어소프트테크(주) 2022년 상반기 경력직 대규모,슈어소프트테크,서울 강남구,https://kr.indeed.com/채용보기?jk=cda94f202f9ca369
Associate Software Engineer (Connected Cabin),BOEING,서울,https://kr.indeed.com/채용보기?jk=40aa139111032529
Business Consultant - Technology,RWS,서울,https://kr.indeed.com/채용보기?jk=c896322092980fcd
"영상처리, 컴퓨터 비전 전문가 (신입/경력)",에바,성남 수정구,https://kr.indeed.com/채용보기?jk=2642a83874ea6bab
Machine Learning Specialist - FAE,Xilinx,서울,https://kr.indeed.com/채용보기?jk=aae434e3a956bec1
Data Scientist,Boston Consulting Group,서울,https://kr.indeed.com/채용보기?jk=ccd4f5407a32ba6a
웹프로그래머 (FrontEnd) 기업부설연구소 연구원 #python #js #FullStack #모바일,넥스텝코리아,서울 용산구,https://kr.indeed.com/채용보기?jk=ae2345924b218c15
A.I.개발자,파이프트리스마트팜,서울 송파구,https://kr.indeed.com/채용보기?jk=229eb9cfd32480ed
빅데이터 리더 정규직,hTLM HR,안양 동안구,https://kr.indeed.com/채용보기?jk=f5db967bfdd0390f
코딩에 빠진 수퍼 개발자 (펌웨어 개발),에바,성남 수정구,https://kr.indeed.com/채용보기?jk=f54bac6c78fd3240
Python Developer (Remote),Finsera,No office location,https://stackoverflow.com/jobs/524065
Backend Engineering Manager (Python) - Spekit - High Growth Series A Startup,SpekitviaSource Coders,No office location,https://stackoverflow.com/jobs/566634
Python Software Engineer,Captivation Software,"Fort Meade, MD",https://stackoverflow.com/jobs/525426
Software Developer (Python),Picnic,"Amsterdam, Netherlands",https://stackoverflow.com/jobs/292346
Python Developer suchen Kollegen (m/w/d),solute GmbH,"Karlsruhe, Deutschland",https://stackoverflow.com/jobs/284443
Backend Software Engineer - Python,Hubs,"Amsterdam, Netherlands",https://stackoverflow.com/jobs/543394
Python Data Engineer,Tech City Labs,"Reading, UK",https://stackoverflow.com/jobs/566099
Senior Python Full-Stack Developer (m/f/d),social sweethearts® GmbH,"München, Deutschland",https://stackoverflow.com/jobs/566631
"Senior Software Engineer, Python",Chaturbate,"San Francisco, CA",https://stackoverflow.com/jobs/566183
Python/Django Developer (m/f/d),social sweethearts® GmbH,No office location,https://stackoverflow.com/jobs/566615
Python Engineer,McD Tech Labs,"Mountain View, CA",https://stackoverflow.com/jobs/534766
Senior Backend Engineer (Python/Django) (m/f/d),Motius GmbH,"Belgrad, Serbien",https://stackoverflow.com/jobs/566601
Python Software Engineer (Quant Trading Firm),"Old Mission Capital, LLC","Chicago, IL",https://stackoverflow.com/jobs/528807
Python Software Engineer - International growing scale-up!,Channable,"Utrecht, Netherlands",https://stackoverflow.com/jobs/265091
Python Entwickler*in Remote (f/m/d),Ambient,"Köln, Deutschland",https://stackoverflow.com/jobs/493874
Python Engineer for Climate Change - Budapest,MSCI,"Budapest, Hungary",https://stackoverflow.com/jobs/566493
Python Developer (Remote),X-Team,No office location,https://stackoverflow.com/jobs/534454
"Tech Lead, Python Systems Engineering",McD Tech Labs,"Mountain View, CA",https://stackoverflow.com/jobs/523801
Senior Software Developer Python (m/f/d),Ströer Online Marketing,"Hamburg, Deutschland",https://stackoverflow.com/jobs/462625
Sr. Full Stack Engineer- Python,AutoTrader,"Toronto, ON, Canada",https://stackoverflow.com/jobs/529021
Python Web Application Developer (Entry or Mid Level),"Cipher Tech Solutions, Inc",No office location,https://stackoverflow.com/jobs/561032
Python Engineer,Intel Corporation,"Gdańsk, Poland",https://stackoverflow.com/jobs/529943
"Python Software Engineer, Commercial Systems",Canonical,No office location,https://stackoverflow.com/jobs/566450
Software Engineer - Python - Kubernetes,Canonical,No office location,https://stackoverflow.com/jobs/566356
Senior Software Engineer (Python),HENNGE K.K.,"Tokyo, Japan",https://stackoverflow.com/jobs/555511
Lead Software Engineer - Python Focus Big Loop Systems (m/f/d),CARIAD,"Ingolstadt, Germany",https://stackoverflow.com/jobs/566377
"Data Engineer (Python, ETL)",Finsera,No office location,https://stackoverflow.com/jobs/536631
Python-Entwickler (w/m/d),parcIT GmbH,"Köln, Germany",https://stackoverflow.com/jobs/566326
Software Engineer (Python AWS),Wizeline,"Phường 12 (Quận 10), Vietnam",https://stackoverflow.com/jobs/487852
"Fullstack Software Entwickler - Python, .NET (m/w/d)",Comline Computer + Softwarelösungen SE,"Hamburg, Deutschland",https://stackoverflow.com/jobs/566662
Senior Full Stack Engineer (Python/JavaScript),Night Market,No office location,https://stackoverflow.com/jobs/566448
Full Stack Engineer (Mid-level - Python/JavaScript),Night Market,No office location,https://stackoverflow.com/jobs/566449
"Python Developer, REMOTE",Pentalog,No office location,https://stackoverflow.com/jobs/566579
Sr. Fullstack (Python Django & React) Engineer- StyleSeat,StyleSeat,No office location,https://stackoverflow.com/jobs/561047
"Senior IoT Software Engineer (M/W/D/) Python, C++",VISPIRON CHARGE-V GmbH,"München, Deutschland",https://stackoverflow.com/jobs/524044
"Senior Software Engineer, Integration QA, Python",Canonical,No office location,https://stackoverflow.com/jobs/519661
Senior Python Backend Engineer (Site Reliability Engineering) (f/m/d),Delivery Hero SE,"Berlin, Germany",https://stackoverflow.com/jobs/566684
Software Engineer - Machine Learning Team (Python/C++) (m/w/d),Volume Graphics GmbH,"Heidelberg, Deutschland",https://stackoverflow.com/jobs/550558
Software Engineer (Python Data Stack) (m/f/d),QuantCo,"Karlsruhe, Germany",https://stackoverflow.com/jobs/349976
"Junior IoT Developer (M/W/D) Python, C++",VISPIRON CHARGE-V GmbH,"München, Deutschland",https://stackoverflow.com/jobs/548810
"Python Software Engineer (Linux, Security)",diconium group,"Stuttgart, Deutschland",https://stackoverflow.com/jobs/556429
Software Engineer - Python - Optimise Ubuntu for Public Clouds,Canonical,No office location,https://stackoverflow.com/jobs/561738
"Senior Python Software Developer (m/f/d) @ our Partner ADSPERT (Berlin, remote)",solute GmbH,"Berlin, Deutschland",https://stackoverflow.com/jobs/547853
"IoT / Java, Python Entwickler (w/m/d) - bundesweit & Homeoffice",objective partner AG,"Weinheim, Deutschland",https://stackoverflow.com/jobs/550882
HPC Engineering Manager - Python & Linux,Canonical,No office location,https://stackoverflow.com/jobs/565980
"Senior Data Engineer (Python, Kafka, Airflow)",AMBOSS,"Berlin, Germany",https://stackoverflow.com/jobs/415218
"Insider Threat Engineer, Remote, Banking, Finance, Python, information security",MUFG,No office location,https://stackoverflow.com/jobs/566297
"Senior .Net Developer for ML, Computer Vision and Python Algorithm development",MapLarge,No office location,https://stackoverflow.com/jobs/165235
"Software-Entwickler / Developer (w/m/d) Java, Python, UiPath - Operation Support",Daimler Group Services Berlin,"Berlin, Deutschland",https://stackoverflow.com/jobs/566052
C++/C Engineers required for leading Engineering company to work in Ireland.,"Arista Networks, Inc","Dublin 1, Ireland",https://stackoverflow.com/jobs/149576
Tech Lead Engineering at sustainable start-up (m/f/x) - Munich/Remote,FINN,"München, Germany",https://stackoverflow.com/jobs/541678
C++/C Engineers required for leading Engineering company to work in Ireland.,"Arista Networks, Inc","Dublin 1, Ireland",https://stackoverflow.com/jobs/149576
Backend Engineer - Remote/On-Site,eLearning Industry,"Athens, Greece",https://stackoverflow.com/jobs/566140
"Software Engineer, Backend",SmartNews,"Shibuya City, Japan",https://stackoverflow.com/jobs/208334
Fully Remote Senior or Staff Software Engineer - Platform9,Platform9viaSource Coders,"Mountain View, CA",https://stackoverflow.com/jobs/566596
"Software Developers for our offices in Berlin, Hamburg, Göttingen or Abingdon",Evotec SE,"Hamburg, Germany",https://stackoverflow.com/jobs/524299
Backend Developer,Octopus Energy,"London, UK",https://stackoverflow.com/jobs/197943
"Software Engineer, Python&TypeScript",Chaturbate,No office location,https://stackoverflow.com/jobs/566212
Senior Full Stack Software Engineer,kaliber.ai,"San Francisco, CA",https://stackoverflow.com/jobs/251476
Backend Engineer - all levels at sustainable start-up (m/f/x)-Munich or Remote,FINN,"München, Germany",https://stackoverflow.com/jobs/331741
"Frontend Software Engineer, Business Integrity",ByteDance,Singapore,https://stackoverflow.com/jobs/553035
Senior Software Developer (Full Stack),Jewel Paymentech Pte Ltd,Singapore,https://stackoverflow.com/jobs/534474
Django Engineer (m/f/d) for Germany's leading local marketing platform,RegioHelden GmbH,"Stuttgart, Germany",https://stackoverflow.com/jobs/566661
Backend Developer - APIs Team,Octopus Energy,"London, UK",https://stackoverflow.com/jobs/533658
"Full Stack Software Engineer, Business Integrity",ByteDance,Singapore,https://stackoverflow.com/jobs/553099
Software Developer Frontend / fullstack (all genders),meteocontrol GmbH,"Augsburg, Deutschland",https://stackoverflow.com/jobs/566507
Software Engineer - Backend (d/f/m),Stylight,"München, Deutschland",https://stackoverflow.com/jobs/566055
Full-Stack Software Engineer (C# + .NET 6 / React + Typescript) (f/m/d),HeidelbergCement AG,"Heidelberg, Deutschland",https://stackoverflow.com/jobs/559624
Full Stack Web Developer (m/w/d),solute GmbH,"Karlsruhe, Deutschland",https://stackoverflow.com/jobs/556141
Front End Software Engineer – HPC Products,DUG Technology,"West Perth, Australia",https://stackoverflow.com/jobs/528137
"Backend Software Engineer, Video Infrastructure",ByteDance,Singapore,https://stackoverflow.com/jobs/547751
Remote Fullstack Entwicklerin (m/w/d),Ambient,"Köln, Deutschland",https://stackoverflow.com/jobs/552969
Software Engineer in Test,McD Tech Labs,"Mountain View, CA",https://stackoverflow.com/jobs/523806
(Senior) DevOps Engineer (all genders),Elinvar GmbH,"Berlin, Germany",https://stackoverflow.com/jobs/549092
"Backend Software Engineer, Customer Service Platform",ByteDance,Singapore,https://stackoverflow.com/jobs/529048
"Lead Software Engineer, atma.io",atma.io,No office location,https://stackoverflow.com/jobs/566393
Web Engineer,Signal AI,"London, UK",https://stackoverflow.com/jobs/273615
"Full-Stack Developer, Research & Development",Houston Astros Baseball R&D,"Houston, TX",https://stackoverflow.com/jobs/536288
DevOps Engineering Manager - Spekit - High Growth Series A Startup,SpekitviaSource Coders,"Denver, CO",https://stackoverflow.com/jobs/566564
Senior Backend Engineer,Leaf Logistics,No office location,https://stackoverflow.com/jobs/201671
Lead Full-Stack Software Engineer (Tech Lead) (f/m/d),HeidelbergCement AG,"Heidelberg, Deutschland",https://stackoverflow.com/jobs/557326
Software Engineer - Build the next generation of AI platform,Signal AI,"London, UK",https://stackoverflow.com/jobs/246027
Senior Software Engineer - App Store APIs,Canonical,No office location,https://stackoverflow.com/jobs/551466
Software Engineer (Monitoring System) - Working in Japan,LINE Fukuoka,"Fukuoka, Japan",https://stackoverflow.com/jobs/273841
Women in Tech - all levels at sustainable start-up (f/x) - Munich or Remote,FINN,No office location,https://stackoverflow.com/jobs/565648
"Full-Stack Developer (JavaScript, Node.JS) - REMOTE",MUFG,No office location,https://stackoverflow.com/jobs/559442
"Backend Software Engineer, Business Integrity",ByteDance,Singapore,https://stackoverflow.com/jobs/553036
Software Engineer (Backend) (m/f/d),QuantCo,"Berlin, Germany",https://stackoverflow.com/jobs/409511
Full stack software engineer,Ailo,"Sydney Olympic Park, Australia",https://stackoverflow.com/jobs/372382
Full Stack Developer (m/f/d) – Product Team,Boehringer Ingelheim,"Wien, Österreich",https://stackoverflow.com/jobs/566017
Senior C++ Software Developer,Topic Embedded Systems B.V.,"Best, Netherlands",https://stackoverflow.com/jobs/566387
"Senior Software Developer, REMOTE",Pentalog,No office location,https://stackoverflow.com/jobs/566592
System Engineer (f/m/d) Kubernetes,ADITION technologies AG,"Freiburg im Breisgau, Deutschland",https://stackoverflow.com/jobs/525462
"Software Engineer, Platform Infrastructure",SmartNews,"Shibuya City, Japan",https://stackoverflow.com/jobs/448299
Front-End Software Engineer,HENNGE K.K.,"Tokyo, Japan",https://stackoverflow.com/jobs/381280
Remote Software Engineer Internship,HENNGE K.K.,No office location,https://stackoverflow.com/jobs/518082
Senior Backend Software Engineer - Landscape,Canonical,No office location,https://stackoverflow.com/jobs/551337
Software Engineer in Test,Esri,"Redlands, CA",https://stackoverflow.com/jobs/561053
"Full-Stack Developer (JavaScript, Node.JS) - REMOTE",MUFG,No office location,https://stackoverflow.com/jobs/566296
Backend Software Engineer,Contovista,"Schlieren, Switzerland",https://stackoverflow.com/jobs/536774
C++ Software Engineer - Amsterdam,IMC Trading,"Amsterdam, Netherlands",https://stackoverflow.com/jobs/126614
"Lead Software Engineer, atma.io",atma.io,No office location,https://stackoverflow.com/jobs/566393
Senior Software Engineer,ZAIKO K.K.,"Minato City, Japan",https://stackoverflow.com/jobs/524414
Software Engineer,The Orchard,"London, UK",https://stackoverflow.com/jobs/543314
Software Entwickler (m/w/d),NOVOMATIC AG,"Gumpoldskirchen, Österreich",https://stackoverflow.com/jobs/554829
Software Engineer,SUSE,No office location,https://stackoverflow.com/jobs/514397
"Full Stack Developer, Automation Engine",Elisa Polystar,"Helsinki, Finland",https://stackoverflow.com/jobs/558730
"Software Engineering, VP - New York, NY - Banking - Finance - JAVA - AWS - AZURE",MUFG,"New York, NY",https://stackoverflow.com/jobs/566312
Software Engineer,Odoo,"Ciudad de México, Mexico",https://stackoverflow.com/jobs/472421
(Senior) Backend Engineer (m/w/d) - Trufa,Deloitte Deutschland,"Düsseldorf, Deutschland",https://stackoverflow.com/jobs/545254
Software Architect Lead,WeLab Bank Limited,Hong Kong,https://stackoverflow.com/jobs/565713
"Senior Software Developer/Team Leader in Berlin, Hamburg, Göttingen or Abingdon",Evotec SE,"Berlin, Germany",https://stackoverflow.com/jobs/550234
"Softwarearchitekt Digitale Signalverarbeitung, Software Defined Radio (m/w/d)",Rheinmetall,"Bremen, Deutschland",https://stackoverflow.com/jobs/560043
Remote Sr. Frontend Architect (React) - Spekit - High Growth Series B Startup,SpekitviaSource Coders,No office location,https://stackoverflow.com/jobs/566565
System Architect,Tucows,No office location,https://stackoverflow.com/jobs/560728
Software Engineer (m/w/d) Automation,H-TEC SYSTEMS GmbH,"Augsburg, Deutschland",https://stackoverflow.com/jobs/566540
"DevOps Engineer, REMOTE",Pentalog,No office location,https://stackoverflow.com/jobs/566578
Senior Software Engineer - tripleup.com,Triple for Numo,"Pittsburgh, PA",https://stackoverflow.com/jobs/545291
Staff Site Reliability Engineer,McD Tech Labs,"Mountain View, CA",https://stackoverflow.com/jobs/534770
Software Engineer (Migration),Odoo,"San Francisco, CA",https://stackoverflow.com/jobs/472407
Lead Data Scientist,Singapore Innovate Pte. Ltd,Singapore,https://stackoverflow.com/jobs/565885
Software Engineer Frontend/Fullstack - Media & Services Hub (m/f/d),HolidayCheck Group AG,"München, Deutschland",https://stackoverflow.com/jobs/559404
Software Design Engineer C#,Topic Embedded Systems B.V.,"Best, Netherlands",https://stackoverflow.com/jobs/566386
"Backend Tech Lead, Customer Service Platform",ByteDance,Singapore,https://stackoverflow.com/jobs/546681
System Engineer (m/w/d) Kubernetes/OpenShift,German Edge Cloud GmbH & Co. KG,"Limburg an der Lahn, Deutschland",https://stackoverflow.com/jobs/539732
Java Software Engineer,IMC Trading,"Amsterdam, Netherlands",https://stackoverflow.com/jobs/122570
Solutions Architect | Senior Consultant | DevOps | Remote,Copado Strategic Services,No office location,https://stackoverflow.com/jobs/517847
(Senior) Android Software Developer - Munich,Paradox Cat GmbH,"München, Deutschland",https://stackoverflow.com/jobs/181583
Business Intelligence Engineer (all genders),asgoodasnew electronics GmbH,"Berlin, Deutschland",https://stackoverflow.com/jobs/565661
Software Engineer Frontend/Fullstack - Media & Services Hub (m/f/d),HolidayCheck Group AG,"München, Deutschland",https://stackoverflow.com/jobs/559404
Web Systems Engineer - HPC Products,DUG Technology,"West Perth, Australia",https://stackoverflow.com/jobs/528138
Software Engineering Manager,iptiQ by Swiss Re,"Hoofddorp, Netherlands",https://stackoverflow.com/jobs/472051
(Senior) Backend Developer (f/m/d) Big Data,ADITION technologies AG,"Freiburg im Breisgau, Deutschland",https://stackoverflow.com/jobs/304655
"Staff Software Engineer, Applied AI",McD Tech Labs,"Mountain View, CA",https://stackoverflow.com/jobs/523807
Senior Software Engineer,Stardog Union,No office location,https://stackoverflow.com/jobs/521448
Senior Software Engineer / Ruby or Elixir/ Remote,The RealReal,No office location,https://stackoverflow.com/jobs/522850
C++ Software Engineer,"Old Mission Capital, LLC","Chicago, IL",https://stackoverflow.com/jobs/528806
Software Engineer - MAAS,Canonical,No office location,https://stackoverflow.com/jobs/566318
Backend Engineer - Tradeshift Engage,Tradeshift,"Aarhus, Denmark",https://stackoverflow.com/jobs/526909
"Backend Tech Lead, Customer Service Platform",ByteDance,Singapore,https://stackoverflow.com/jobs/553813
Software Engineer - Cloud Images,Canonical,No office location,https://stackoverflow.com/jobs/566610
Web Developer,Helmholtz-Zentrum hereon GmbH,"Geesthacht, Deutschland",https://stackoverflow.com/jobs/566360
Software Integration AI Engineer,Intel Corporation,"George Town, Malaysia",https://stackoverflow.com/jobs/552554
Full Stack Engineer,Odoo,"Buffalo, NY",https://stackoverflow.com/jobs/558069
Experienced Software Engineer,Outschool,No office location,https://stackoverflow.com/jobs/550915
"Software Engineer, Speech & Audio",ByteDance,Singapore,https://stackoverflow.com/jobs/553106
Cloud Engineer Linux,team.blue NL B.V.,"Rotterdam, Netherlands",https://stackoverflow.com/jobs/523426
(Junior) Data Engineer (m/f/x) onsite or remote (in Germany),Scalable Capital GmbH,"München, Deutschland",https://stackoverflow.com/jobs/516327
Software Entwickler*innen / Programmierer*innen,PNDetector GmbH,"München, Deutschland",https://stackoverflow.com/jobs/566513
Senior Software Engineer Fullstack Java (m/w/d),SCHUFA Holding AG,"Wiesbaden, Deutschland",https://stackoverflow.com/jobs/566435
Build Engineer - New Sci-Fi FPS IP,Creative Assembly,"Horsham, UK",https://stackoverflow.com/jobs/566137
Back-End Software Engineer,HENNGE K.K.,"Tokyo, Japan",https://stackoverflow.com/jobs/380985
"Senior Manager of Software Engineering, Data Platform (Remote Eligible)",Flyr Inc,"Los Angeles, CA",https://stackoverflow.com/jobs/530715
Senior Software Engineer - Data Lake,Mimecast,"London, UK",https://stackoverflow.com/jobs/558739
Software Engineer (m/w/d),Bühler Motor Aviation GmbH,"Uhldingen-Mühlhofen, Deutschland",https://stackoverflow.com/jobs/566574
"Senior Support & Software Engineer, Tokyo (Remote)",Canonical,No office location,https://stackoverflow.com/jobs/534042
Data Engineer for Insurtech Startup,iptiQ by Swiss Re,"Hoofddorp, Netherlands",https://stackoverflow.com/jobs/471200
Senior Software Engineer Fullstack Java (m/w/d),SCHUFA Holding AG,"Wiesbaden, Deutschland",https://stackoverflow.com/jobs/566435
Senior DevOps Engineer (Remote),Slido,No office location,https://stackoverflow.com/jobs/519933
Technical Writer (m/f/x) - Munich or Remote,FINN,"München, Germany",https://stackoverflow.com/jobs/566504
Werkstudent Software Engineering Data & ML (m/w/d),QuantCo,"Karlsruhe, Deutschland",https://stackoverflow.com/jobs/328986
DevOps - System Admin (Remote),iubenda,"Milan, Italy",https://stackoverflow.com/jobs/566171
(Senior) Frontend Engineer (m/w/d) - Trufa,Deloitte Deutschland,"Düsseldorf, Deutschland",https://stackoverflow.com/jobs/533749
Fullstack Developer (m/w/d),German Edge Cloud GmbH & Co. KG,"Limburg an der Lahn, Deutschland",https://stackoverflow.com/jobs/539736
Senior Software Engineer - Linux Engineering,Canonical,No office location,https://stackoverflow.com/jobs/540018
Full Stack Engineer,Odoo,"San Francisco, CA",https://stackoverflow.com/jobs/524056
Site Reliability Engineer,Zattoo,"Berlin, Germany",https://stackoverflow.com/jobs/565748
*REMOTE* Lead (Senior) Kotlin & Java Engineer (m/f/x) High-Load Search-Engine,"AVANTGARDE - ""Creating Fans""",No office location,https://stackoverflow.com/jobs/529656
Site Reliability Engineer - Infrastructure Engineering,ByteDance,Singapore,https://stackoverflow.com/jobs/553810
"Software Engineer Lead, Vice President - New York, NY - Banking - Financial",MUFG,"New York, NY",https://stackoverflow.com/jobs/566310
(Senior) Software Engineer- ADAS &amp; AD,CARIAD,"Munich, Germany",https://stackoverflow.com/jobs/566563
Embedded Software Engineer,Sonova AG,"Stäfa, Schweiz",https://stackoverflow.com/jobs/566268
"Testing Software Engineer, TikTok e-Commerce",ByteDance,Singapore,https://stackoverflow.com/jobs/533132
Software Development Engineer in Test,Intel Corporation,"Bengaluru, India",https://stackoverflow.com/jobs/539336
Senior Backend Engineer,Pollen,"London, UK",https://stackoverflow.com/jobs/522622
Build Engineer - New Sci-Fi FPS IP,Creative Assembly,"Horsham, UK",https://stackoverflow.com/jobs/566137
Site Reliability Engineer - Infrastructure Engineering,ByteDance,Singapore,https://stackoverflow.com/jobs/553810
"Software Engineer Lead, Vice President - New York, NY - Banking - Financial",MUFG,"New York, NY",https://stackoverflow.com/jobs/566310
Software Development Engineer in Test,Intel Corporation,"Bengaluru, India",https://stackoverflow.com/jobs/539336
Senior Backend Engineer,McD Tech Labs,"Mountain View, CA",https://stackoverflow.com/jobs/523791
Technical Support Engineer,Odoo,"San Francisco, CA",https://stackoverflow.com/jobs/558070
Software Engineer Java (m/w/d),SCHUFA Holding AG,No office location,https://stackoverflow.com/jobs/566457
"Software Engineering, Analyst",MUFG,"Charlotte, NC",https://stackoverflow.com/jobs/559440
Software Engineer - Docker Images & Community,Canonical,No office location,https://stackoverflow.com/jobs/534266
DevOps- Engineer (m/w/d),Volume Graphics GmbH,"Heidelberg, Deutschland",https://stackoverflow.com/jobs/545615
"Senior Software Engineer, Data Services",Avature,"Herndon, VA",https://stackoverflow.com/jobs/566664
Build/Release Engineer,Tausight,No office location,https://stackoverflow.com/jobs/556779
JR0178225 OpenIPC Senior Software Engineer,Intel Corporation,"Hillsboro, OR",https://stackoverflow.com/jobs/542196
Software Engineer - Networking Applications,Intel Corporation,"Bengaluru, India",https://stackoverflow.com/jobs/539242
Staff Software Engineer – GPU-Computing Machine Learning (m/f/d),CARIAD,"Wolfsburg, Germany",https://stackoverflow.com/jobs/566378
Senior Software Engineer (Java) – Analytics & Data Infrastructure Team,Mimecast,"London, UK",https://stackoverflow.com/jobs/558740
R&D Full Stack Software Engineer (Experienced),Sandia National Laboratories,"Albuquerque, NM",https://stackoverflow.com/jobs/566344
Software Defined Radio Developer,Captivation Software,"Aberdeen Proving Ground, MD",https://stackoverflow.com/jobs/316048
Full Stack Engineer,Zattoo,"Berlin, Germany",https://stackoverflow.com/jobs/565749
Senior Full-Stack Engineer with Node.js - Tradeshift Go,Tradeshift,"Bucharest, Romania",https://stackoverflow.com/jobs/526924
"Software Engineer, Infrastructure, Education",Chan Zuckerberg Initiative,"Redwood City, CA",https://stackoverflow.com/jobs/565977
"Senior Software Engineer, Language",McD Tech Labs,"Mountain View, CA",https://stackoverflow.com/jobs/523798
Senior Software Engineer - Launchpad,Canonical,No office location,https://stackoverflow.com/jobs/530389
Senior Backend Engineer,Singapore Innovate Pte. Ltd,Singapore,https://stackoverflow.com/jobs/561308
Senior Data Engineer,Blinks Labs GmbH,"Berlin, Germany",https://stackoverflow.com/jobs/566660
Staff Software Engineer – GPU-Computing Machine Learning (m/f/d),CARIAD,"Wolfsburg, Germany",https://stackoverflow.com/jobs/566378
Software Developer (künstliche Intelligenz) - für E-Commerce Agentur in Bremen,hmmh multimediahaus AG,No office location,https://stackoverflow.com/jobs/529059
Software Validation Engineer,Intel Corporation,"Gdańsk, Poland",https://stackoverflow.com/jobs/529939
Junior Backend Engineer (m/f/d),Relayr,"Katowice, Poland",https://stackoverflow.com/jobs/551592
Senior Software Engineer (Java) – Analytics & Data Infrastructure Team,Mimecast,"London, UK",https://stackoverflow.com/jobs/558740
R&D Full Stack Software Engineer (Experienced),Sandia National Laboratories,"Albuquerque, NM",https://stackoverflow.com/jobs/566344
Software Systems Engineer (80%-100%),Open Systems AG,"Zürich, Switzerland",https://stackoverflow.com/jobs/550751
Senior Data Engineer,Blinks Labs GmbH,"Berlin, Germany",https://stackoverflow.com/jobs/566660
Cloud Software Performance Engineer,Intel Corporation,"Hillsboro, OR",https://stackoverflow.com/jobs/528554
"Software Engineer (Product Infrastructure), TikTok e-Commerce",ByteDance,Singapore,https://stackoverflow.com/jobs/533135
QA Tester,Self Decode,No office location,https://stackoverflow.com/jobs/561041
Application Developer/Anwendungsentwickler (m/w/d),Element Six GmbH,"Burghaun, Deutschland",https://stackoverflow.com/jobs/566639
Process Engineering Graduate Intern,Intel Corporation,"Albuquerque, NM",https://stackoverflow.com/jobs/531834
Software Test Automation Specialist (m/w/x),ZEISS Group,"München, Deutschland",https://stackoverflow.com/jobs/541069
Full Stack Developer,Rakettitiede,"Helsinki, Finland",https://stackoverflow.com/jobs/522743
Frontend Engineer (m/w/d),QuantCo,"Karlsruhe, Deutschland",https://stackoverflow.com/jobs/553014
Process Engineering Graduate Intern,Intel Corporation,"Albuquerque, NM",https://stackoverflow.com/jobs/531835
Software Engineer - Silicon Product Design,Intel Corporation,"Hillsboro, OR",https://stackoverflow.com/jobs/530198
Software Engineer - Micro/Private/Bare-Metal Cloud,Canonical,No office location,https://stackoverflow.com/jobs/566676
Senior Developer,American Logistics,No office location,https://stackoverflow.com/jobs/522889
"Senior Support & Software Engineer, NY Metro Area (AMERICAS)",Canonical,No office location,https://stackoverflow.com/jobs/534711
Data Engineer,McD Tech Labs,"Mountain View, CA",https://stackoverflow.com/jobs/523793
Senior Software Engineer - Material Analysis Team (C++) (m/w/d),Volume Graphics GmbH,"Heidelberg, Deutschland",https://stackoverflow.com/jobs/163095
Data Architect mit einem Flair für AI,ti&m AG,"Zürich, Schweiz",https://stackoverflow.com/jobs/522399
Senior Data Engineer - Recommendations (f/m/d),Delivery Hero SE,"Berlin, Germany",https://stackoverflow.com/jobs/565991
Research Scientist with focus on Interventional Ultrasound (f/m/x),ImFusion GmbH,"München, Deutschland",https://stackoverflow.com/jobs/562664
Senior Data Engineer - Recommendations (f/m/d),Delivery Hero SE,"Berlin, Germany",https://stackoverflow.com/jobs/565991
Softwareentwickler* HiL und Prüfstände,EDAG Group,"Ingolstadt, Deutschland",https://stackoverflow.com/jobs/566456
Application Support Engineer,Derivco.,"Málaga, Spain",https://stackoverflow.com/jobs/565319
Staff Machine Learning Engineer - REMOTE,The RealReal,"Remote, OR",https://stackoverflow.com/jobs/552039
Firmware Engineer (m/w/d),RUAG Defence Deutschland GmbH,"Wedel, Deutschland",https://stackoverflow.com/jobs/566556
DevOps Engineer (Remote),Eterlast,"Barcelona, Spain",https://stackoverflow.com/jobs/563090
Data Engineer (Remote),X-Team,No office location,https://stackoverflow.com/jobs/534443
Data Engineer – Data Warehouse,Shopee Singapore Private Limited,Singapore,https://stackoverflow.com/jobs/565914
Site Reliability Engineer,Flow Traders,"Amsterdam, Netherlands",https://stackoverflow.com/jobs/381007
DevOps Engineer @ Nozomi Networks,Nozomi Networks,"Mendrisio, Switzerland",https://stackoverflow.com/jobs/555314
Qt C++ SDK Software Development Engineer,Esri,"Redlands, CA",https://stackoverflow.com/jobs/561049
Data Center Engineer (Greater Boston Area),Canonical,"Boston, MA",https://stackoverflow.com/jobs/556753
Software Designer,Topic Embedded Systems B.V.,"Best, Netherlands",https://stackoverflow.com/jobs/566186
DevOps Manager/Architect,Self Decode,No office location,https://stackoverflow.com/jobs/557000
"Algorithm Engineer, Enterprise Partnership & Solutions",ByteDance,Singapore,https://stackoverflow.com/jobs/523517
Data Engineer (m/w/d),ARD-Programmdirektion,"München, Deutschland",https://stackoverflow.com/jobs/566568
Sr. Data Engineer - Top Wellness Marketplace Platform,StyleSeat,No office location,https://stackoverflow.com/jobs/525037
"Data Scientist, Machine Learning Evaluation",McD Tech Labs,"Mountain View, CA",https://stackoverflow.com/jobs/523805
Senior Data Engineer,Lobster Ink Technologies,"Amsterdam, Netherlands",https://stackoverflow.com/jobs/566626
Software Engineer - Robotics (m/f/d),Motius GmbH,"München, Deutschland",https://stackoverflow.com/jobs/545488
Senior Front-end Developer with React.js,Marketer Technologies AS,"Oslo, Norway",https://stackoverflow.com/jobs/541502
Devops Engineer - Infrastructure Engineering,ByteDance,Singapore,https://stackoverflow.com/jobs/553812
Mobile APP Developers - Leading Electronics Company,Pyronix,"Doncaster, UK",https://stackoverflow.com/jobs/524940
Senior ML Engineer,Amaris.AI,Singapore,https://stackoverflow.com/jobs/533811
DevOps Engineer,Picnic,"Amsterdam, Netherlands",https://stackoverflow.com/jobs/166839
Full Stack Developer - with passion for Security,Dynatrace,"Tallinn, Estonia",https://stackoverflow.com/jobs/566549
Applied Researcher 1 - Ads,eBay,"San Francisco, CA",https://stackoverflow.com/jobs/566005
Software Developer,SUSE,No office location,https://stackoverflow.com/jobs/558030
Site Reliability Engineer- ArcGIS Online,Esri,"Redlands, CA",https://stackoverflow.com/jobs/552702
Cloud Software Engineer,Intel Corporation,"Gdańsk, Poland",https://stackoverflow.com/jobs/529942
Softwareentwickler*in IDA/Big Data,Atruvia AG,"Karlsruhe, Deutschland",https://stackoverflow.com/jobs/566537
"Senior Software Engineer, Infrastructure, Education",Chan Zuckerberg Initiative,"Redwood City, CA",https://stackoverflow.com/jobs/537683
Data Engineer – Data Warehouse,Shopee Singapore Private Limited,Singapore,https://stackoverflow.com/jobs/565914
Senior Software Engineer,Intel Corporation,"Bengaluru, India",https://stackoverflow.com/jobs/539300
Senior React Developer | Contractor | Remote,Copado Strategic Services,No office location,https://stackoverflow.com/jobs/545086
Senior Go Lang Developer | Contractor | Remote,Copado Strategic Services,No office location,https://stackoverflow.com/jobs/552166
Java Entwickler (m/w/d),STAR COOPERATION GmbH,"Böblingen, Deutschland",https://stackoverflow.com/jobs/566498
Intermediate Observability Engineer,Derivco.,"Umhlanga, South Africa",https://stackoverflow.com/jobs/528647
Cloud Software Developer,Intel Corporation,"Guadalajara, Mexico",https://stackoverflow.com/jobs/557644
Data Engineer,Hubs,"Amsterdam, Netherlands",https://stackoverflow.com/jobs/558873
DevOps Manager/Architect,Self Decode,No office location,https://stackoverflow.com/jobs/557000
Data Engineer,Coda Payments,No office location,https://stackoverflow.com/jobs/557317
Consultant (m/w/d)/ Developer (m/w/d) Robotic Process Automation (RPA),STAR COOPERATION GmbH,"Böblingen, Deutschland",https://stackoverflow.com/jobs/566512
Software-Entwickler Excel-Datenschnittstellen und Reports (m/w/d),PSI Software AG Geschäftsbereich PSI Gasnetze und Pipelines,"Berlin, Deutschland",https://stackoverflow.com/jobs/566502
Automation Developer - Operations,MHR,"Ruddington, UK",https://stackoverflow.com/jobs/544506
"Software Engineering, AVP - Hybrid, Charlotte, NC, CI/CD principle, Atlassian",MUFG,"Charlotte, NC",https://stackoverflow.com/jobs/566302
Junior Systems Engineer – Entwicklung und Test vernetzter Funktionen,IAV GmbH,"Gaimersheim, Deutschland",https://stackoverflow.com/jobs/566464
"Container Platform Engineer, Vice President",MUFG,No office location,https://stackoverflow.com/jobs/559420
DevOps Engineer,Flyr Inc,No office location,https://stackoverflow.com/jobs/522896
Senior Data Engineer E-Commerce (m/w/d),Peek & Cloppenburg,"Düsseldorf, Germany",https://stackoverflow.com/jobs/565672
Test Process and Module Engineer (Platform),Intel Corporation,"George Town, Malaysia",https://stackoverflow.com/jobs/552555
"Senior Software Engineer, Infrastructure, Education",Chan Zuckerberg Initiative,"Redwood City, CA",https://stackoverflow.com/jobs/537683
Senior Software Engineer,Administrate,"Edinburgh, UK",https://stackoverflow.com/jobs/522939
DevOps Engineer,Flyr Inc,No office location,https://stackoverflow.com/jobs/522896
Cloud Solutions Architect for Climate Change - Zurich,MSCI,"Zürich, Switzerland",https://stackoverflow.com/jobs/566491
"Site Reliability Engineer, Recommendation Architecture",ByteDance,Singapore,https://stackoverflow.com/jobs/553104
"Go Software Engineer, Commercial Systems",Canonical,No office location,https://stackoverflow.com/jobs/561428
Software Development Engineer in Test,"ESO Solutions, Inc.","Belfast, UK",https://stackoverflow.com/jobs/528503
Automotive Security Engineer (m/w/d),Method Park,"Erlangen, Deutschland",https://stackoverflow.com/jobs/558406
Senior Data Engineer - Ad Tech (f/m/d),Delivery Hero SE,"Berlin, Germany",https://stackoverflow.com/jobs/566539
Site Reliability Engineer (Applied Machine Learning),ByteDance,Singapore,https://stackoverflow.com/jobs/553811
"DevOps Engineer, Cloud Data Warehouse",ByteDance,Singapore,https://stackoverflow.com/jobs/550284
Ethernet Technologies RDMA Software Applications Engineer,Intel Corporation,"Austin, TX",https://stackoverflow.com/jobs/530201
Software-Entwickler Excel-Datenschnittstellen und Reports (m/w/d),PSI Software AG Geschäftsbereich PSI Gasnetze und Pipelines,"Berlin, Deutschland",https://stackoverflow.com/jobs/566502
Senior Software Engineer,Administrate,No office location,https://stackoverflow.com/jobs/522940
Developer Advocate,Supermetrics Oy,"Helsinki, Finland",https://stackoverflow.com/jobs/566093
DevOps Engineer (m/w/d),solute GmbH,"Karlsruhe, Deutschland",https://stackoverflow.com/jobs/556140
"Tech Lead, Machine Learning Evaluation",McD Tech Labs,"Mountain View, CA",https://stackoverflow.com/jobs/523812
"Senior Software Engineer, Embedded Systems (m/f/d)",tado GmbH,No office location,https://stackoverflow.com/jobs/566398
Machine Learning Engineer,Relay42,"Amsterdam, Netherlands",https://stackoverflow.com/jobs/469169
Machine Learning Engineer (m/f/x),ING Deutschland,"Frankfurt am Main, Deutschland",https://stackoverflow.com/jobs/565982
Head of Scientific Computing (m/f/div),Max Planck Institute for Neurobiology of Behavior – caesar,"Bonn, Deutschland",https://stackoverflow.com/jobs/566074
Sr. Test Engineer,Rain Bird Corporation,"Tucson, AZ",https://stackoverflow.com/jobs/555341
Field Software Engineer - APAC,Canonical,No office location,https://stackoverflow.com/jobs/512382
Senior Data Scientist,Choose Your Challenge - Data Careers at Boehringer Ingelheim,"Ingelheim am Rhein, Germany",https://stackoverflow.com/jobs/566536
Field Software Engineer - APAC,Canonical,No office location,https://stackoverflow.com/jobs/512382
"Software Engineer, AVP",MUFG,"Charlotte, NC",https://stackoverflow.com/jobs/559429
IT System Engineer (m/w/d),SoSafe GmbH,"Köln, Deutschland",https://stackoverflow.com/jobs/566490
Data Engineer,CGI Suomi,"Helsinki, Finland",https://stackoverflow.com/jobs/559232
Field Software Engineer - EMEA,Canonical,No office location,https://stackoverflow.com/jobs/501791
Senior Software Engineer,Administrate,No office location,https://stackoverflow.com/jobs/522940
Analytics Engineer,Slido,"Bratislava, Slovakia",https://stackoverflow.com/jobs/555451
Sustaining Operations Engineer,Canonical,No office location,https://stackoverflow.com/jobs/566371
QA Devops Engineer - Open Source Database Solutions (remote),Percona Staffing LLC,No office location,https://stackoverflow.com/jobs/562423
DevOps Engineer (m/w/d),solute GmbH,"Karlsruhe, Deutschland",https://stackoverflow.com/jobs/556140
"Lead, Automation Engineer",Revance,"Pleasanton, CA",https://stackoverflow.com/jobs/566559
Product Engineer I - Real Time & Big Data,Esri,"Redlands, CA",https://stackoverflow.com/jobs/566044
Senior DevOps Engineer,Self Decode,No office location,https://stackoverflow.com/jobs/566351
Full Stack Developer,BOTS by RevenYOU,"Haarlem, Netherlands",https://stackoverflow.com/jobs/533368
Bioinformatician,Choose Your Challenge - Data Careers at Boehringer Ingelheim,"Biberach, Germany",https://stackoverflow.com/jobs/566555
DevSecOps Consultant,Ensign InfoSecurity (Cybersecurity) Pte Ltd,Singapore,https://stackoverflow.com/jobs/534274
DevOps Engineer (m/f/x),Worldline Germany GmbH,"Aachen, Deutschland",https://stackoverflow.com/jobs/566649
"Tech Lead, Data Infrastructure",McD Tech Labs,"Mountain View, CA",https://stackoverflow.com/jobs/523800
Software Engineering Manager (f/m/d),Delivery Hero SE,"Berlin, Germany",https://stackoverflow.com/jobs/566668
Embedded Software Development Engineer,Baker Hughes,"Groby, UK",https://stackoverflow.com/jobs/560598
"Mathematiker, Physiker, Ing. Luft- und Raumfahrttech., Maschinenbau o.ä. (w/m/d)",Deutsches Zentrum für Luft- und Raumfahrt e. V. (DLR),"Göttingen, Deutschland",https://stackoverflow.com/jobs/566144
"Senior Support Engineer, atma.io",atma.io,"Zagreb, Croatia",https://stackoverflow.com/jobs/566442
"Senior Data Engineer, Education",Chan Zuckerberg Initiative,"Redwood City, CA",https://stackoverflow.com/jobs/565328
Senior Software Engineer,Administrate,No office location,https://stackoverflow.com/jobs/522941
DevOps Engineer,Esri,"Redlands, CA",https://stackoverflow.com/jobs/566039
Senior Cloud Security Engineer,MUFG,"Charlotte, NC",https://stackoverflow.com/jobs/559434
Linux Cloud Consultant - Americas,Canonical,No office location,https://stackoverflow.com/jobs/562585
Senior Software Engineer,Administrate,No office location,https://stackoverflow.com/jobs/522941
Senior DevSecOps Engineer - Remote,MUFG,No office location,https://stackoverflow.com/jobs/559427
Data Engineer,CGI Suomi,"Helsinki, Finland",https://stackoverflow.com/jobs/559232
Systems Engineer – Entwicklung und Test vernetzter Funktionen,IAV GmbH,"Gaimersheim, Deutschland",https://stackoverflow.com/jobs/566463
"Site Reliability Engineer, Video Infrastructure",ByteDance,Singapore,https://stackoverflow.com/jobs/547753
QA Devops Engineer - Open Source Database Solutions (remote),Percona Staffing LLC,No office location,https://stackoverflow.com/jobs/562423
DevOps Cloud Engineer (Kubernetes) - Remote,IG Group,No office location,https://stackoverflow.com/jobs/532885
DevOps Developer,ECi Software Solutions,No office location,https://stackoverflow.com/jobs/566558
Full Stack Lead/Architect (Sr. Deep Learning R and D Engineer),Intel Corporation,"Bengaluru, India",https://stackoverflow.com/jobs/539294
"Cloud Operations Engineer, Americas",Canonical,No office location,https://stackoverflow.com/jobs/522545
"Tech Lead Engineering Manager, Business Integrity",ByteDance,Singapore,https://stackoverflow.com/jobs/553100
DevOps Engineer  (Jede*r),tarent solutions GmbH,No office location,https://stackoverflow.com/jobs/555101
McCloud HPC Expert,DUG Technology,"West Perth, Australia",https://stackoverflow.com/jobs/396027
Data Engineer (m/w/d) | The Garage,Deloitte Deutschland,"Düsseldorf, Deutschland",https://stackoverflow.com/jobs/545256
Cloud Platform Engineer (d/m/w) Data & Analytics,DEVK Versicherungen,"Köln, Deutschland",https://stackoverflow.com/jobs/526685
Graphics Software Engineer,Intel Corporation,"Shanghai, China",https://stackoverflow.com/jobs/543846
Senior DevOps Engineer (Nordic or Germany),Nets Group,"Helsingfors, Finland",https://stackoverflow.com/jobs/565836
"Senior Developer (React, Node.js) (m/f/d)",Ziegert EverEstate GmbH,"Berlin, Deutschland",https://stackoverflow.com/jobs/394267
Senior Client Side Developer (m/w/d),Basler AG,"Hamburg, Deutschland",https://stackoverflow.com/jobs/566446
Senior Security Analyst (d/m/w) Schwerpunkt IDS und Bedrohungsanalyse,DEVK Versicherungen,"Köln, Deutschland",https://stackoverflow.com/jobs/524954
"Product Manager, Data & Analytics Solutions (Campus)",Azendian Solutions Pte. Ltd.,Singapore,https://stackoverflow.com/jobs/565767
Senior DevOps Engineer,Zenjob,"Berlin, Germany",https://stackoverflow.com/jobs/552356
Senior Android Engineer,Livefront,"Minneapolis, MN",https://stackoverflow.com/jobs/521510
Senior Data Scientist,StyleSeat,No office location,https://stackoverflow.com/jobs/552046
Test Engineer Connected Car (m/w/d),Pixida GmbH,"München, Deutschland",https://stackoverflow.com/jobs/564480
Security Engineer,Outschool,No office location,https://stackoverflow.com/jobs/566357
Ecosystems Software Engineer,Intel Corporation,"George Town, Malaysia",https://stackoverflow.com/jobs/552553
Senior DevOps Engineer,Supermetrics Oy,No office location,https://stackoverflow.com/jobs/565891
Head of Shipping Data Science (ML),eBay,"Bellevue, WA",https://stackoverflow.com/jobs/565971
Senior Cloud Software Engineer,Intel Corporation,"Shanghai, China",https://stackoverflow.com/jobs/540182
"Cloud Operations Engineer, APAC",Canonical,No office location,https://stackoverflow.com/jobs/526213
Software Engineering Manager,Intel Corporation,"Bengaluru, India",https://stackoverflow.com/jobs/539256
Senior Backend Developer (m/f/d),Enote GmbH,"Berlin, Deutschland",https://stackoverflow.com/jobs/565938
Senior Site Reliability Engineer (ServiceOps),"Wikimedia Foundation, Inc.",No office location,https://stackoverflow.com/jobs/566259
Data Scientist (d/m/w),DEVK Versicherungen,"Köln, Deutschland",https://stackoverflow.com/jobs/533653
IT System Administrator / DevOps (f/m/x),ImFusion GmbH,"München, Deutschland",https://stackoverflow.com/jobs/562665
Solution Engineer (m/w/d) - Cloud AWS,Deloitte Deutschland,"Düsseldorf, Deutschland",https://stackoverflow.com/jobs/533754
Deep Learning System Frameworks Engineer,Intel Corporation,"Shanghai, China",https://stackoverflow.com/jobs/543845
Experienced Data Engineer,Accenture Romania,"Bucharest, Romania",https://stackoverflow.com/jobs/525561
Senior Infra and DevSecOps Engineer,Amaris.AI,Singapore,https://stackoverflow.com/jobs/533810
Staff Site Reliability Engineer (Traffic),"Wikimedia Foundation, Inc.",No office location,https://stackoverflow.com/jobs/566247
Systems Engineer,LMAX Group,"London, UK",https://stackoverflow.com/jobs/535022
Frontend Developer,Octopus Energy,"London, UK",https://stackoverflow.com/jobs/533659
"Data Architect, Data Platform",Flyr Inc,"Los Angeles, CA",https://stackoverflow.com/jobs/529117
Senior DevOps Engineer,Supermetrics Oy,No office location,https://stackoverflow.com/jobs/559002
Consultant (m/w/d) - Digital Forensics/Cyber Forensics,Deloitte Deutschland,"Düsseldorf, Germany",https://stackoverflow.com/jobs/566199
Senior DevOps Engineer,AIR MILES,"Toronto, ON, Canada",https://stackoverflow.com/jobs/539243
Senior Data Scientist,StyleSeat,No office location,https://stackoverflow.com/jobs/552046
Consultant (m/w/d) - Digital Forensics/Cyber Forensics,Deloitte Deutschland,"Düsseldorf, Germany",https://stackoverflow.com/jobs/566199
Senior Solution Engineer (m/w/d) - Cloud Azure Expert,Deloitte Deutschland,"Düsseldorf, Deutschland",https://stackoverflow.com/jobs/533755
Senior Fullstack Engineer,AMBOSS,"Berlin, Germany",https://stackoverflow.com/jobs/557771
Senior DevSecOps Engineer - REMOTE,MUFG,No office location,https://stackoverflow.com/jobs/559426
Senior Cloud Infrastructure Engineer - OPEN TO REMOTE,The RealReal,"San Francisco, CA",https://stackoverflow.com/jobs/552029
"Experienced DevOps Consultant, GitLab/GitHub",Eficode Finland,"Helsinki, Finland",https://stackoverflow.com/jobs/559636
SRE Lead,Electrolux,"Stockholm, Sweden",https://stackoverflow.com/jobs/559156
Senior Cloud Software Engineer,Intel Corporation,"Shanghai, China",https://stackoverflow.com/jobs/540182
Software Engineer,Intel Corporation,"Shanghai, China",https://stackoverflow.com/jobs/540589
Graphics SRIOV Virtualization Developer,Intel Corporation,"Bengaluru, India",https://stackoverflow.com/jobs/539293
Senior DevOps Platform Engineer,Blinks Labs GmbH,"Berlin, Germany",https://stackoverflow.com/jobs/565687
"Lead Engineer – SRE, Automation",LMAX Group,"London, UK",https://stackoverflow.com/jobs/544001
Staff Site Reliability Engineer (Traffic),"Wikimedia Foundation, Inc.",No office location,https://stackoverflow.com/jobs/566247
Software Engineer,Intel Corporation,"Hillsboro, OR",https://stackoverflow.com/jobs/530205
Linux Developer Experience Lead,Canonical,No office location,https://stackoverflow.com/jobs/565542
Software Engineer,Intel Corporation,"Hillsboro, OR",https://stackoverflow.com/jobs/530206
Site Reliability Engineer III,"Wikimedia Foundation, Inc.",No office location,https://stackoverflow.com/jobs/566260
Senior DevOps Engineer,AIR MILES,"Toronto, ON, Canada",https://stackoverflow.com/jobs/539243
Senior iOS engineer - ux + video,SmileDirectClub,No office location,https://stackoverflow.com/jobs/546573
Software Engineer,Intel Corporation,"Hillsboro, OR",https://stackoverflow.com/jobs/530570
"Cloud Engineer (Azure, Google Cloud Platform, AWS)",ti&m AG,"Bern, Schweiz",https://stackoverflow.com/jobs/522337
Cloud Data Architect mit Flair für AI,ti&m AG,"Bern, Schweiz",https://stackoverflow.com/jobs/522336
Platform Engineer,SUSE,No office location,https://stackoverflow.com/jobs/555636
(Junior) Softwareentwickler - Java / Golang / Cloud - (w/m/d),GoCaspi GmbH,No office location,https://stackoverflow.com/jobs/566363
"Site Reliability Engineer, Kubernetes",camunda,No office location,https://stackoverflow.com/jobs/550386
Graphics SRIOV Virtualization Developer,Intel Corporation,"Bengaluru, India",https://stackoverflow.com/jobs/539293
Cloud Data Architect mit Flair für AI,ti&m AG,"Bern, Schweiz",https://stackoverflow.com/jobs/522336
Information Security Manager (m/w/d),ABOUT YOU SE & Co. KG,"Hamburg, Deutschland",https://stackoverflow.com/jobs/566395
(Junior) Softwareentwickler - Java / Golang / Cloud - (w/m/d),GoCaspi GmbH,No office location,https://stackoverflow.com/jobs/566363
Platform Engineer,SUSE,No office location,https://stackoverflow.com/jobs/555636
Ubuntu on WSL Software Engineer,Canonical,No office location,https://stackoverflow.com/jobs/566436
Senior DevOps Platform Engineer,Blinks Labs GmbH,"Berlin, Germany",https://stackoverflow.com/jobs/565687
Azure BI Technical Architect,BigChange Ltd,No office location,https://stackoverflow.com/jobs/532866
Software Engineer,Intel Corporation,"Hillsboro, OR",https://stackoverflow.com/jobs/530205
Cloud Software Engineer,Intel Corporation,"Hillsboro, OR",https://stackoverflow.com/jobs/530195
Embedded Linux Consulting Engineering Director,Canonical,No office location,https://stackoverflow.com/jobs/562923
Data Analytics Engineer II,Fullscript,No office location,https://stackoverflow.com/jobs/566652
Lead Tech SEO Manager (d/f/m),Stylight,"München, Deutschland",https://stackoverflow.com/jobs/566291
"Director, Shipping Science",eBay,"Bellevue, WA",https://stackoverflow.com/jobs/565970
Sr. Signal Integrity Engineer,Intel Corporation,"Shanghai, China",https://stackoverflow.com/jobs/543848
Solution Engineer (m/w/d) - Cloud Azure,Deloitte Deutschland,"Düsseldorf, Deutschland",https://stackoverflow.com/jobs/533750
Senior Software Engineer (Java)- Database Services,Mimecast,"London, UK",https://stackoverflow.com/jobs/558741
"Report Automation Lead - Jersey City, NJ - Bachelors - Leadership",MUFG,"Jersey City, NJ",https://stackoverflow.com/jobs/566311
Sr. Software Engineer (Full stack Java),MUFG,"Charlotte, NC",https://stackoverflow.com/jobs/559425
"Cloud Engineer (Azure, Google Cloud Platform, AWS)",ti&m AG,"Zürich, Schweiz",https://stackoverflow.com/jobs/522303
DevOps / SRE Engineer (f/m/d),HeidelbergCement AG,"Heidelberg, Deutschland",https://stackoverflow.com/jobs/555115
Technical Specialist - System Services,Derivco.,"Umhlanga, South Africa",https://stackoverflow.com/jobs/528648
Edge AI Deep Learning Validation Engineer,Intel Corporation,"Bengaluru, India",https://stackoverflow.com/jobs/539297
"Informatiker/in, Ingenieur/in, Physiker/in, Mathematiker/in o. ä. (w/m/d)",Deutsches Zentrum für Luft- und Raumfahrt e. V. (DLR),"Darmstadt, Deutschland",https://stackoverflow.com/jobs/566125
Senior DevOps Engineer,Higher Logic,"Arlington, VA",https://stackoverflow.com/jobs/529128
"CBT Infrastructure AVP, Tempe, AZ, AWS, Linux, project management, scripting",MUFG,"Tempe, AZ",https://stackoverflow.com/jobs/566299
Technical Specialist - System Services,Derivco.,"Umhlanga, South Africa",https://stackoverflow.com/jobs/528648
Edge AI Deep Learning Validation Engineer,Intel Corporation,"Bengaluru, India",https://stackoverflow.com/jobs/539297
Data Scientist,AutoTrader,"Toronto, ON, Canada",https://stackoverflow.com/jobs/529015
"Informatiker/in, Ingenieur/in, Physiker/in, Mathematiker/in o. ä. (w/m/d)",Deutsches Zentrum für Luft- und Raumfahrt e. V. (DLR),"Darmstadt, Deutschland",https://stackoverflow.com/jobs/566125
DevOps Engineer (m/w/d) | The Garage,Deloitte Deutschland,"Düsseldorf, Deutschland",https://stackoverflow.com/jobs/545252
DevOps Lead,Which?,"London, UK",https://stackoverflow.com/jobs/556891
Data Analytics Engineer II,Fullscript,No office location,https://stackoverflow.com/jobs/566652
Data Platform Architect,Octopus Energy,"London, UK",https://stackoverflow.com/jobs/541302
Data Engineer,"Betterup, Inc.",No office location,https://stackoverflow.com/jobs/523557
"Sr. Software Engineer, Machine Learning Infrastructure",Chan Zuckerberg Initiative,"Redwood City, CA",https://stackoverflow.com/jobs/565330
Data Science - Engineering Manager,Belvo Technologies,No office location,https://stackoverflow.com/jobs/559029
Cloud Infrastructure Engineer,Relay42,"Amsterdam, Netherlands",https://stackoverflow.com/jobs/407421
Machine Learning Engineer,"Betterup, Inc.",No office location,https://stackoverflow.com/jobs/523562
Senior Cloud Software Services Architect,Intel Corporation,"Hillsboro, OR",https://stackoverflow.com/jobs/530190
Ethernet Manageability Applications Engineer,Intel Corporation,"Austin, TX",https://stackoverflow.com/jobs/530200
DevOps Engineer - High Performance Computing (Mid-Career),Sandia National Laboratories,"Albuquerque, NM",https://stackoverflow.com/jobs/566341
Lead DevOps / SRE Engineer (f/m/d),HeidelbergCement AG,"Heidelberg, Deutschland",https://stackoverflow.com/jobs/555118
Public Cloud Consultant,Canonical,No office location,https://stackoverflow.com/jobs/551198
Senior DevOps Engineer - Data Operations,"Sailpoint Technologies, Inc.",No office location,https://stackoverflow.com/jobs/557351
Hyperscale Cloud Developer Advocate,Intel Corporation,"Hillsboro, OR",https://stackoverflow.com/jobs/528557
Senior DevOps Engineer,Ascensus,No office location,https://stackoverflow.com/jobs/525432
"Sr. Capacity and Performance Engineer - remote, financial services industry",MUFG,No office location,https://stackoverflow.com/jobs/566300
Senior Solutions Architect/Data Architect,Intel Corporation,"Hillsboro, OR",https://stackoverflow.com/jobs/530028
DevOps Engineer,Higher Logic,No office location,https://stackoverflow.com/jobs/566273
Senior Solutions Architect/Data Architect,Intel Corporation,"Hillsboro, OR",https://stackoverflow.com/jobs/530028
Associate Field Software Engineer - EMEA,Canonical,No office location,https://stackoverflow.com/jobs/471550
Kubernetes Engineering Manager,Canonical,No office location,https://stackoverflow.com/jobs/551186
Cloud Engineer,Olo,No office location,https://stackoverflow.com/jobs/516558
Senior Security Engineer - REMOTE,MUFG,No office location,https://stackoverflow.com/jobs/559444
"Cloud Engineer, AVP -Remote",MUFG,No office location,https://stackoverflow.com/jobs/559428
Site Reliability Engineering Manager,Canonical,No office location,https://stackoverflow.com/jobs/533163
"Site Reliability Engineer, Americas",Canonical,No office location,https://stackoverflow.com/jobs/454608
Scala Engineer,Snowplow Analytics,No office location,https://stackoverflow.com/jobs/562416
"Software Engineering Manager, Seattle WA",MSCI,"Seattle, WA",https://stackoverflow.com/jobs/565855
Computer Scientist - Development Programs - Entry/ Mid-Level,National Security Agency,"Fort Meade, MD",https://stackoverflow.com/jobs/565896
Join our Tech Community as Working Student (m/f/d),Motius GmbH,"München, Deutschland",https://stackoverflow.com/jobs/566670
Software Engineer,Reaktor,"Lisboa, Portugal",https://stackoverflow.com/jobs/553136
Software Engineers,Lightmatter,No office location,https://stackoverflow.com/jobs/565756
Senior Software Engineers,Lightmatter,No office location,https://stackoverflow.com/jobs/523002
Head of Engineering (m/f/d),VEACT GmbH,"München, Deutschland",https://stackoverflow.com/jobs/538334
Senior Backend Developer (f/m/d),HOMELIKE INTERNET GmbH,"Köln, Deutschland",https://stackoverflow.com/jobs/522556
Senior Software Engineer – Container Ecosystem,SUSE,No office location,https://stackoverflow.com/jobs/554241
Senior Software Engineer (Go),HENNGE K.K.,"Tokyo, Japan",https://stackoverflow.com/jobs/555512
Junior Software Engineer im Firmenübergreifenden Trainee-Programm (100%),M&F Engineering AG,"Weiningen, Schweiz",https://stackoverflow.com/jobs/233263
"Software Engineering Manager - Selection Domain, Core Order (w/m/d)",Delivery Hero SE,"Berlin, Germany",https://stackoverflow.com/jobs/562276
Platform Engineer,Octopus Energy,"Houston, TX",https://stackoverflow.com/jobs/531787
Senior DevOps Engineer (Cloud Solutions),Coda Payments,No office location,https://stackoverflow.com/jobs/565675
Senior Data Engineer - Remote,Didomi,"Paris, France",https://stackoverflow.com/jobs/557607
"Interview Engineer (Remote, Germany)",Karat.com,No office location,https://stackoverflow.com/jobs/565627
Sr. Software Engineer,SpaceX,"Hawthorne, CA",https://stackoverflow.com/jobs/562441
Engineering Manager,AMBOSS,"Berlin, Germany",https://stackoverflow.com/jobs/524863
DevOps Engineer (w/m/d) - bundesweit & Homeoffice,objective partner AG,"Weinheim, Deutschland",https://stackoverflow.com/jobs/550881
Engineering Technical Recruiter,QuantCo,"Berlin, Deutschland",https://stackoverflow.com/jobs/553016
Senior SOC Engineer (Remote - Canada),Open Systems AG,"Vancouver, BC, Canada",https://stackoverflow.com/jobs/548058
Principal Java Engineer,Picnic,"Amsterdam, Netherlands",https://stackoverflow.com/jobs/559762
"Interview Engineer (Remote, United Kingdom)",Karat.com,No office location,https://stackoverflow.com/jobs/565630
"Interview Engineer (Remote, Canada)",Karat.com,No office location,https://stackoverflow.com/jobs/565626
"Interview Engineer (Remote, Australia)",Karat.com,No office location,https://stackoverflow.com/jobs/565625
Research Scientist,"Edgestream Partners, L.P.","Princeton, NJ",https://stackoverflow.com/jobs/518607
Lead AI Engineer,Singapore Innovate Pte. Ltd,Singapore,https://stackoverflow.com/jobs/560743
"Interview Engineer (Remote, Mexico)",Karat.com,No office location,https://stackoverflow.com/jobs/565629
"Interview Engineer (Remote, Israel)",Karat.com,No office location,https://stackoverflow.com/jobs/565628
Integration App Product Engineer,SyncSmart.io (by LyntonWeb.com),No office location,https://stackoverflow.com/jobs/519804
"Interview Engineer (Remote, South Africa)",Karat.com,No office location,https://stackoverflow.com/jobs/565624
"Tech Lead Engineering Manager, Trust and Safety Engineering",ByteDance,Singapore,https://stackoverflow.com/jobs/546397
Data Corn (m/w/d),Breuninger GmbH & Co.,"Stuttgart, Deutschland",https://stackoverflow.com/jobs/432950
Scientific Applications Developer,DownUnder GeoSolutions Pty Ltd,"West Perth, Australia",https://stackoverflow.com/jobs/352726
Senior SOC Engineer,Open Systems AG,"Zürich, Switzerland",https://stackoverflow.com/jobs/548049
Backend Developer with Cloud experience,Accenture Romania,No office location,https://stackoverflow.com/jobs/534721
Senior Security Engineer,Open Systems AG,"Noida, India",https://stackoverflow.com/jobs/548050
"Engineering Director, Community",Canonical,No office location,https://stackoverflow.com/jobs/483511
Machine Learning Technical Lead - E-commerce Risk Management,ByteDance,Singapore,https://stackoverflow.com/jobs/525174
